SnakeLean.isEssNull_iff	SnakeLean.IsEssNull SnakeLean.IsStrong SnakeLean.zero1 SnakeLean.HasBizero	SnakeLean.IsNull.nonempty_iso SnakeLean.isEssNull_iff.match_1_3 SnakeLean.IsNull SnakeLean.isNull_zero1 SnakeLean.isEssNull_iff.match_1_1
SnakeLean.isTwoCokernel_op	SnakeLean.IsTwoKernel SnakeLean.HasBizero SnakeLean.IsTwoCokernel SnakeLean.bizeroOp	SnakeLean.IsTwoCokernel.mk SnakeLean.IsEssNull SnakeLean.IsTwoKernel.fac SnakeLean.isTwoEpi_op SnakeLean.isEssNull_op SnakeLean.IsTwoKernel.isTwoMono SnakeLean.isEssNull_of_op SnakeLean.IsTwoKernel.isEssNull_comp
SnakeLean.IsBipushout		
CategoryTheory.IsSubquotient		
SnakeLean.IsTwoCokernel.hasTwoCokernel	SnakeLean.HasTwoCokernel SnakeLean.HasBizero SnakeLean.IsTwoCokernel	SnakeLean.HasTwoCokernel.mk
SnakeLean.naturalComparisonPasting₁	SnakeLean.MorphismPure SnakeLean.MorphismPure.πX SnakeLean.HasBizero SnakeLean.MorphismPure.πC SnakeLean.PureSnakeComparison.j SnakeLean.PureSnakeComparison	SnakeLean.MorphismPure.ψc SnakeLean.MorphismPure.ψb SnakeLean.PureSnakeComparison.θ SnakeLean.MorphismPure.πY
SnakeLean.MorphismSES.mk	SnakeLean.MorphismSES	
CategoryTheory.ObjectProperty.isClosedUnderExtensions_annBy	CategoryTheory.ObjectProperty.annBy	
SnakeLean.transposeMap		
CategoryTheory.Bicategory.postcomp.eq_1		
SnakeLean.isNull_to	SnakeLean.IsNull	
SnakeLean.HasBizero.noConfusion	SnakeLean.HasBizero SnakeLean.HasBizero.noConfusionType	SnakeLean.HasBizero.casesOn
SnakeLean.IsTwoMono.toIsFaithful₁	SnakeLean.IsFaithful₁ SnakeLean.IsTwoMono	SnakeLean.IsTwoMono.faithful SnakeLean.IsFaithful₁.mk
SnakeLean.IsTwoKernel.hasTwoKernel	SnakeLean.IsTwoKernel SnakeLean.HasBizero SnakeLean.HasTwoKernel	SnakeLean.HasTwoKernel.mk
SnakeLean.isEssNull_op_iff	SnakeLean.IsEssNull	SnakeLean.isEssNull_op SnakeLean.isEssNull_of_op
SnakeLean.LatticeClass.mem_of_orderIso	SnakeLean.LatticeClass SnakeLean.LatticeClass.Mem	
CategoryTheory.ObjectProperty.serreSaturation_of_iso	CategoryTheory.ObjectProperty.serreSaturation	
SnakeLean.twoCoimObj	SnakeLean.HasBizero SnakeLean.TwoZExact	SnakeLean.twoCokernelObj SnakeLean.TwoZExact.toHasTwoKernel SnakeLean.twoKernelObj SnakeLean.twoKernel
SnakeLean.TwoZExact.mk	SnakeLean.HasTwoCokernel SnakeLean.HasBizero SnakeLean.HasTwoKernel SnakeLean.TwoZExact	
SnakeLean.instPreservesFiniteLimitsZeroCatFromZeroFunctor	SnakeLean.ZeroCat SnakeLean.ZeroCat.category SnakeLean.fromZeroFunctor	SnakeLean.instPreservesLimitsOfShapeZeroCatFromZeroFunctor
SnakeLean.isExactAt_iff_of_isNormal	SnakeLean.IsNormalMono SnakeLean.IsStrong SnakeLean.IsNormalEpi SnakeLean.IsTwoKernel SnakeLean.HasBizero SnakeLean.IsExactAt	SnakeLean.IsTwoCokernel SnakeLean.IsSES SnakeLean.exactness_tfae
SnakeLean.IsTwoMono		
SnakeLean.transposes_iff_isClosed	SnakeLean.Transposes	SnakeLean.ModularPair SnakeLean.dualModularPair_iff_isClosed_sup SnakeLean.DualModularPair SnakeLean.transposes_iff SnakeLean.modularPair_iff_dualModularPair_orthogonal
SnakeLean.ZeroCat.instSubsingletonHom	SnakeLean.ZeroCat SnakeLean.ZeroCat.category	
SnakeLean.isThirdIso_of_twoDiExact	SnakeLean.IsStrong SnakeLean.HasBizero SnakeLean.TwoDiExact SnakeLean.IsThirdIso	SnakeLean.isThirdIso_of_isHSD SnakeLean.isHSD_of_twoDiExact
SnakeLean.isNormalMono_locallyDiscrete_iff	SnakeLean.IsNormalMono SnakeLean.hasBizeroLD SnakeLean.zeroLD	SnakeLean.IsTwoMono SnakeLean.isNormalMono_of_mono SnakeLean.isTwoMono_locallyDiscrete_iff SnakeLean.IsNormalMono.isTwoMono
SnakeLean.isThirdIso_op_of_isThirdIsoDual.match_1_1		
SnakeLean.IsTwoKernel.isTrivial_of_isTwoMono	SnakeLean.IsStrong SnakeLean.IsTwoKernel SnakeLean.HasBizero SnakeLean.IsTwoMono SnakeLean.IsTrivial	SnakeLean.IsEssNull.of_iso SnakeLean.IsEssNull SnakeLean.IsEssNull.of_comp_isTwoMono SnakeLean.IsTwoKernel.isTwoMono SnakeLean.IsTwoKernel.isEssNull_comp
SnakeLean.IsAntinormal.transport	SnakeLean.IsStrong SnakeLean.HasBizero SnakeLean.IsAntinormal SnakeLean.IsEquiv1	SnakeLean.IsNormalMono SnakeLean.IsNormalMono.isEquiv1_comp SnakeLean.IsNormalEpi SnakeLean.IsNormalEpi.comp_isEquiv1
TwoVertex.e₂_mul_al	TwoVertex.lam TwoVertex.e₂ TwoVertex.al	
SnakeLean.isNormal_of_normalMono_comp_normalEpi	SnakeLean.IsNormalMono SnakeLean.IsNormalEpi SnakeLean.HasBizero SnakeLean.TwoDiExact SnakeLean.IsNormal	SnakeLean.isAntinormal_comp SnakeLean.TwoDiExact.isNormal_of_isAntinormal
CategoryTheory.ObjectProperty.instPreservesColimitsOfShapeFullSubcategoryWalkingParallelPairι_snakeLean		CategoryTheory.ObjectProperty.isClosedUnderCoequalizers_of_isSerreClass
SnakeLean.MorphismPure.ψa	SnakeLean.MorphismPure SnakeLean.MorphismPure.πY SnakeLean.MorphismPure.πA	
SnakeLean.isEquiv1_op	SnakeLean.IsEquiv1	
SnakeLean.NormalChainComplex.mk.sizeOf_spec	SnakeLean.IsEssNull SnakeLean.HasBizero SnakeLean.IsNormal SnakeLean.NormalChainComplex SnakeLean.NormalChainComplex.mk	
SnakeLean.exactness_via_homology_tfae	SnakeLean.IsNormalMono SnakeLean.IsStrong SnakeLean.IsNormalEpi SnakeLean.IsTwoKernel SnakeLean.HasBizero SnakeLean.IsTwoMono SnakeLean.IsTwoEpi SnakeLean.IsTrivial SnakeLean.IsExactAt SnakeLean.IsTwoCokernel	SnakeLean.IsTwoEpi.comp SnakeLean.IsEquiv1.isTwoMono SnakeLean.IsEssNull.of_iso SnakeLean.IsEssNull SnakeLean.IsEssNull.comp_left SnakeLean.IsTwoKernel.fac SnakeLean.IsTwoMono.comp SnakeLean.IsTwoMono.of_iso SnakeLean.IsEquiv1.isTwoEpi SnakeLean.isEquiv1_of_factor SnakeLean.IsTwoCokernel.of_iso SnakeLean.IsTwoEpi.preimageIso SnakeLean.isTwoCokernel_isTwoEpi_comp_iff SnakeLean.IsEssNull.of_comp_isTwoMono SnakeLean.IsEssNull.comp SnakeLean.IsEssNull.of_comp_isTwoEpi SnakeLean.IsTwoCokernel.exists_isEquiv1 SnakeLean.IsTwoKernel.exists_isEquiv1 SnakeLean.IsTrivial.isEssNull_in SnakeLean.IsTwoEpi.of_iso SnakeLean.IsTwoCokernel.isEssNull_comp SnakeLean.IsTwoCokernel.isTwoEpi SnakeLean.IsTwoKernel.isTwoMono SnakeLean.IsTwoKernel.of_isTwoCokernel SnakeLean.IsTwoKernel.of_isEquiv1_comp SnakeLean.IsSES SnakeLean.exactness_tfae SnakeLean.IsTwoMono.preimageIso SnakeLean.IsTwoKernel.isEssNull_comp SnakeLean.IsEquiv1 SnakeLean.IsTwoKernel.of_iso_right
SnakeLean.SnakeHalf.dBar	SnakeLean.HasBizero SnakeLean.SnakeHalf	
CategoryTheory.ObjectProperty.serreSaturation_le	CategoryTheory.ObjectProperty.serreSaturation	CategoryTheory.ObjectProperty.prop_iff_of_isoModSerre CategoryTheory.ObjectProperty.isoModSerre_mono
SnakeLean.IsNormalEpi.comp_isEquiv1	SnakeLean.IsStrong SnakeLean.IsNormalEpi SnakeLean.HasBizero SnakeLean.IsEquiv1	SnakeLean.IsTwoCokernel.comp_isEquiv1 SnakeLean.IsTwoCokernel
CategoryTheory.ObjectProperty.instIsClosedUnderExtensionsSQEssential	CategoryTheory.ObjectProperty.SQEssential	CategoryTheory.ObjectProperty.HasNonzeroSub CategoryTheory.IsSubquotient
SnakeLean.isTwoMono_twoKernel	SnakeLean.HasBizero SnakeLean.IsTwoMono SnakeLean.HasTwoKernel SnakeLean.twoKernelObj SnakeLean.twoKernel	SnakeLean.isTwoKernel_twoKernel SnakeLean.IsTwoKernel.isTwoMono
SnakeLean.IsTwoEpi.faithful	SnakeLean.IsTwoEpi	
SnakeLean.isTrivial_twoKernelObj	SnakeLean.IsStrong SnakeLean.HasBizero SnakeLean.IsTwoMono SnakeLean.HasTwoKernel SnakeLean.IsTrivial SnakeLean.twoKernelObj	SnakeLean.isTwoKernel_twoKernel SnakeLean.twoKernel SnakeLean.IsTwoKernel.isTrivial_of_isTwoMono
CategoryTheory.ObjectProperty.SubEssential		CategoryTheory.ObjectProperty.HasNonzeroSub
SnakeLean.isExactAt_of_op	SnakeLean.IsStrong SnakeLean.HasBizero SnakeLean.IsNormal SnakeLean.IsExactAt SnakeLean.bizeroOp	SnakeLean.IsNormalMono SnakeLean.isTwoCokernel_of_op SnakeLean.IsNormalEpi SnakeLean.isNormalMono_of_op SnakeLean.IsTwoKernel SnakeLean.IsTwoCokernel SnakeLean.IsSES SnakeLean.exactness_tfae
SnakeLean.strictAbCatOf	SnakeLean.AbCatClass SnakeLean.bicategoryAbCatOf SnakeLean.AbCatOf	
CategoryTheory.ObjectProperty.prop_of_shortExact		
SnakeLean.Pentagon.z	SnakeLean.Pentagon	
SnakeLean.isStrongLD	SnakeLean.IsStrong SnakeLean.zeroLD	SnakeLean.isStrong_locallyDiscrete
SnakeLean.IsTotallyNormalMono	SnakeLean.HasBizero	
SnakeLean.NormalEpiComp.recOn	SnakeLean.NormalEpiComp SnakeLean.IsNormalEpi SnakeLean.HasBizero SnakeLean.NormalEpiComp.mk	SnakeLean.NormalEpiComp.rec
TwoVertex.SS_spanA	TwoVertex.lam TwoVertex.SS TwoVertex.spanA	TwoVertex.nOne TwoVertex.e₁ TwoVertex.nTwo TwoVertex.e₁_smul_mem_nOne
SnakeLean.isSES_of_op	SnakeLean.HasBizero SnakeLean.bizeroOp SnakeLean.IsSES	SnakeLean.IsSES.isTwoCokernel SnakeLean.IsSES.isTwoKernel SnakeLean.isTwoCokernel_of_op SnakeLean.isTwoKernel_of_op SnakeLean.IsSES.mk
SnakeLean.IsCofaithful₁.casesOn	SnakeLean.IsCofaithful₁.mk SnakeLean.IsCofaithful₁	SnakeLean.IsCofaithful₁.rec
SnakeLean.isTwoCokernel_twoCokernel	SnakeLean.HasTwoCokernel SnakeLean.twoCokernelObj SnakeLean.HasBizero SnakeLean.IsTwoCokernel SnakeLean.twoCokernel	SnakeLean.HasTwoCokernel.exists_isTwoCokernel
SnakeLean.IsNormalMono	SnakeLean.HasBizero	SnakeLean.IsTwoKernel
SnakeLean.isNormal_of_op	SnakeLean.HasBizero SnakeLean.IsNormal SnakeLean.bizeroOp	SnakeLean.IsNormalMono SnakeLean.IsNormalEpi SnakeLean.isNormalMono_of_op SnakeLean.isNormalEpi_of_op
CategoryTheory.ObjectProperty.instContainsZeroMapFullSubcategoryι_snakeLean	CategoryTheory.ObjectProperty.abelianFullSubcategory	CategoryTheory.ObjectProperty.prop_map_ι_iff CategoryTheory.ObjectProperty.isZero_ι_obj_iff
SnakeLean.comparison_unique	SnakeLean.IsTwoMono SnakeLean.IsTwoEpi	SnakeLean.IsTwoEpi.preimageIso SnakeLean.IsTwoMono.preimageIso
SnakeLean.AbCatHom.category	SnakeLean.AbCatClass SnakeLean.AbCatOf SnakeLean.AbCatHom	SnakeLean.AbCatOf.category SnakeLean.AbCatOf.carrier SnakeLean.AbCatHom.functor
SnakeLean.dpn_iff_forall_transpositionSymmetric	SnakeLean.DPN SnakeLean.zeroSup SnakeLean.SupOf.completeLattice SnakeLean.bicategorySup SnakeLean.SupOf SnakeLean.SupOf.carrier SnakeLean.hasBizeroSup SnakeLean.LatticeClass SnakeLean.TranspositionSymmetric	SnakeLean.transpositionSymmetric_of_dpn SnakeLean.dpn_of_forall_transpositionSymmetric
SnakeLean.IsTwoCokernel.casesOn	SnakeLean.IsTwoCokernel.mk SnakeLean.IsEssNull SnakeLean.HasBizero SnakeLean.IsTwoEpi SnakeLean.IsTwoCokernel	SnakeLean.IsTwoCokernel.rec
SnakeLean.IsTrivial.eq_1	SnakeLean.IsEssNull SnakeLean.IsTrivial	
SnakeLean.HasBizero.toZero	SnakeLean.HasBizero	
CategoryTheory.ObjectProperty.instContainsZeroModuleCatAnnBy	CategoryTheory.ObjectProperty.annBy	
SnakeLean.SnakeSpecial	SnakeLean.HasBizero	SnakeLean.IsTwoKernel SnakeLean.IsNormal SnakeLean.MorphismSES SnakeLean.IsTwoCokernel SnakeLean.MorphismSES.f SnakeLean.MorphismSES.h SnakeLean.MorphismSES.g SnakeLean.IsSES SnakeLean.IsEquiv1
SnakeLean.IsTwoKernel.exists_isEquiv1	SnakeLean.IsTwoKernel SnakeLean.HasBizero SnakeLean.IsEquiv1	SnakeLean.IsTwoKernel.fac SnakeLean.IsTwoKernel.isTwoMono SnakeLean.IsTwoMono.preimageIso SnakeLean.IsTwoKernel.isEssNull_comp
SnakeLean.isNormalMono_of_isTrivial	SnakeLean.IsNormalMono SnakeLean.IsStrong SnakeLean.IsNormalEpi SnakeLean.IsTwoKernel SnakeLean.HasBizero SnakeLean.IsTrivial SnakeLean.IsEquiv1	SnakeLean.isSES_of_isTwoCokernel SnakeLean.IsTwoKernel.of_iso SnakeLean.IsTwoKernel.isEquiv1_comp SnakeLean.isTwoKernel_comp_isTwoMono_iff SnakeLean.IsTwoCokernel SnakeLean.IsSES.isTrivial_iff_isEquiv1 SnakeLean.IsTwoKernel.isTwoMono SnakeLean.IsSES SnakeLean.IsTwoKernel.of_iso_right
SnakeLean.MorphismSES.noConfusion	SnakeLean.MorphismSES.noConfusionType SnakeLean.MorphismSES	SnakeLean.MorphismSES.casesOn
SnakeLean.isExactAt_locallyDiscrete_iff	SnakeLean.hasBizeroLD SnakeLean.ExactPair SnakeLean.IsExactAt SnakeLean.zeroLD	SnakeLean.IsEssNull SnakeLean.IsNormalEpi SnakeLean.IsTwoKernel SnakeLean.isEssNull_locallyDiscrete_iff SnakeLean.isNormalEpi_locallyDiscrete_iff SnakeLean.isTwoKernel_of_lift SnakeLean.IsTwoKernel.isLimitLD SnakeLean.isNormalEpi_of_epi SnakeLean.IsTwoKernel.isEssNull_comp
SnakeLean.isNormalMono_kappa	SnakeLean.IsNormalMono SnakeLean.IsStrong SnakeLean.IsTwoKernel SnakeLean.HasBizero SnakeLean.IsTwoMono SnakeLean.IsSES	SnakeLean.isTwoKernel_kappa
SnakeLean.kerElt_comp_isEquiv1	SnakeLean.bicategorySup SnakeLean.SupOf SnakeLean.SupOf.carrier SnakeLean.categoryStructSup SnakeLean.kerElt SnakeLean.LatticeClass SnakeLean.IsEquiv1	SnakeLean.bijective_of_isEquiv1 SnakeLean.SupOf.completeLattice SnakeLean.instBotHomClassHom SnakeLean.instFunLikeHom
SnakeLean.isTrivial_op_iff	SnakeLean.IsTrivial	SnakeLean.isTrivial_op SnakeLean.isTrivial_of_op
SnakeLean.SupOf.casesOn	SnakeLean.SupOf SnakeLean.SupOf.mk SnakeLean.LatticeClass SnakeLean.LatticeClass.Mem	SnakeLean.SupOf.rec
SnakeLean.twoZExactSup	SnakeLean.zeroSup SnakeLean.bicategorySup SnakeLean.SupOf SnakeLean.TwoZExact SnakeLean.hasBizeroSup SnakeLean.LatticeClass	SnakeLean.HasTwoCokernel.mk SnakeLean.SupOf.completeLattice SnakeLean.IsTwoKernel SnakeLean.seg SnakeLean.TwoZExact.mk SnakeLean.isTwoKernel_segIncl SnakeLean.upSeg SnakeLean.segIncl SnakeLean.HasTwoKernel.mk SnakeLean.IsTwoCokernel SnakeLean.SupOf.carrier SnakeLean.categoryStructSup SnakeLean.kerElt SnakeLean.upProj SnakeLean.isTwoCokernel_upProj SnakeLean.instFunLikeHom
TwoVertex.al.eq_1	TwoVertex.lam TwoVertex.al	
SnakeLean.IsZeroAntinormal.isTwoKernel_iff_isEssNull_dinversion	SnakeLean.IsEssNull SnakeLean.IsStrong SnakeLean.IsTwoKernel SnakeLean.HasBizero SnakeLean.IsTwoCokernel SnakeLean.IsZeroAntinormal	SnakeLean.IsEssNull.of_iso SnakeLean.IsEssNull.comp_left SnakeLean.IsTwoKernel.fac SnakeLean.IsTwoKernel.mk SnakeLean.IsTwoCokernel.isEssNull_comp SnakeLean.IsTwoKernel.isTwoMono SnakeLean.IsZeroAntinormal.isTwoKernel_of_isTwoCokernel SnakeLean.IsZeroAntinormal.isEssNull_comp SnakeLean.IsTwoKernel.isEssNull_comp
CategoryTheory.IsSubquotient.of_mono	CategoryTheory.IsSubquotient	
SnakeLean.PureSnakeComparison.noConfusionType	SnakeLean.HasBizero SnakeLean.PureSnakeComparison	SnakeLean.PureSnakeComparison.casesOn SnakeLean.IsEquiv1
SnakeLean.isTwoKernel_upProj_segIncl	SnakeLean.zeroSup SnakeLean.IsTwoKernel SnakeLean.seg SnakeLean.bicategorySup SnakeLean.upSeg SnakeLean.SupOf SnakeLean.segIncl SnakeLean.SupOf.carrier SnakeLean.hasBizeroSup SnakeLean.upProj SnakeLean.LatticeClass	SnakeLean.segRestrict SnakeLean.IsEssNull SnakeLean.IsTwoKernel.mk SnakeLean.isTwoMono_segIncl SnakeLean.SupOf.completeLattice SnakeLean.categoryStructSup SnakeLean.isEssNull_iff_forall SnakeLean.instFunLikeHom
CategoryTheory.ObjectProperty.instIsClosedUnderExtensionsModuleCatOfFG	CategoryTheory.ObjectProperty.ofFG	
SnakeLean.AbCatHom.functor	SnakeLean.AbCatOf.category SnakeLean.AbCatClass SnakeLean.AbCatOf.carrier SnakeLean.AbCatOf SnakeLean.AbCatHom	
CategoryTheory.ObjectProperty.preservesFiniteLimits_lift		CategoryTheory.ObjectProperty.preservesFiniteLimits_ι CategoryTheory.ObjectProperty.instHasFiniteLimitsFullSubcategory_snakeLean
SnakeLean.seg	SnakeLean.SupOf SnakeLean.SupOf.carrier SnakeLean.LatticeClass	SnakeLean.SupOf.completeLattice SnakeLean.SupOf.mk
SnakeLean.Pentagon.ctorElim	SnakeLean.Pentagon.ctorIdx SnakeLean.Pentagon.ctorElimType SnakeLean.Pentagon	SnakeLean.Pentagon.y SnakeLean.Pentagon.bot SnakeLean.Pentagon.casesOn SnakeLean.Pentagon.z SnakeLean.Pentagon.x SnakeLean.Pentagon.top
TwoVertex.lam		
SnakeLean.modularClass	SnakeLean.LatticeClass	SnakeLean.LatticeClass.mk
SnakeLean.isNormal_transport_iff	SnakeLean.HasBizero SnakeLean.IsNormal SnakeLean.IsEquiv1	SnakeLean.IsNormal.transport SnakeLean.IsEquiv1.isEquiv1_inv SnakeLean.IsNormal.of_iso SnakeLean.IsEquiv1.inv
SnakeLean.isNull_op	SnakeLean.IsNull	
SnakeLean.TwoDiExact.rec	SnakeLean.TwoDiExact.mk SnakeLean.HasBizero SnakeLean.TwoDiExact SnakeLean.IsNormal SnakeLean.IsAntinormal	
SnakeLean.SupOf.mk.sizeOf_spec	SnakeLean.SupOf SnakeLean.SupOf.mk SnakeLean.LatticeClass SnakeLean.LatticeClass.Mem	
SnakeLean.IsNormal.of_comp_isTwoMono	SnakeLean.IsStrong SnakeLean.IsTwoKernel SnakeLean.HasBizero SnakeLean.IsNormal SnakeLean.IsTwoMono	SnakeLean.IsNormalMono SnakeLean.IsSES.isTwoCokernel SnakeLean.IsEssNull.of_iso SnakeLean.IsEssNull SnakeLean.isSES_of_isTwoCokernel SnakeLean.IsNormalEpi SnakeLean.IsTwoEpi.preimageIso SnakeLean.IsEssNull.of_comp_isTwoMono SnakeLean.IsTwoKernel.of_iso SnakeLean.IsNormalEpi.isTwoEpi SnakeLean.isTwoKernel_comp_isTwoMono_iff SnakeLean.IsTwoCokernel SnakeLean.IsTwoCokernel.fac SnakeLean.IsNormalMono.isTwoMono SnakeLean.IsNormalMono.of_comp SnakeLean.IsTwoKernel.isEssNull_comp
SnakeLean.SnakeHalf.q	SnakeLean.HasBizero SnakeLean.SnakeHalf.CB SnakeLean.SnakeHalf	
TwoVertex.exists_e₂_mul	TwoVertex.lam TwoVertex.e₂ TwoVertex.al	TwoVertex.sc TwoVertex.lam_eq TwoVertex.coe_mul TwoVertex.coe_add
SnakeLean.exists_mOne	SnakeLean.IsNormalMono SnakeLean.IsStrong SnakeLean.IsTwoKernel SnakeLean.HasBizero SnakeLean.IsTwoCokernel	SnakeLean.IsTwoKernel.fac SnakeLean.isEssNull_kg_comp SnakeLean.IsTwoKernel.isTwoMono SnakeLean.IsNormalMono.of_comp
CategoryTheory.ObjectProperty.abelianFullSubcategory		CategoryTheory.ObjectProperty.instHasFiniteProductsFullSubcategory_snakeLean CategoryTheory.ObjectProperty.instHasCokernelsFullSubcategory_snakeLean CategoryTheory.ObjectProperty.instIsIsoFullSubcategoryCoimageImageComparison_snakeLean CategoryTheory.ObjectProperty.instHasKernelsFullSubcategory_snakeLean
CategoryTheory.ObjectProperty.instIsClosedUnderQuotientsModuleCatAnnBy	CategoryTheory.ObjectProperty.annBy	
SnakeLean.isPureSnake_of_isHSD.match_1_5		
SnakeLean.IsTotallyNormalEpi	SnakeLean.HasBizero	
SnakeLean.IsNormalMono.isTwoMono	SnakeLean.IsNormalMono SnakeLean.HasBizero SnakeLean.IsTwoMono	SnakeLean.IsTwoKernel SnakeLean.IsTwoKernel.isTwoMono
SnakeLean.IsTwoCokernel.of_iso	SnakeLean.HasBizero SnakeLean.IsTwoCokernel	SnakeLean.isTwoCokernel_of_op SnakeLean.isTwoKernel_op SnakeLean.IsTwoKernel.of_iso SnakeLean.bizeroOp
SnakeLean.IsEquiv1.nonempty_iso_inv	SnakeLean.IsEquiv1.inv SnakeLean.IsEquiv1	SnakeLean.IsEquiv1.nonempty_comp_inv SnakeLean.IsEquiv1.nonempty_inv_comp
SnakeLean.MorphismPure.exists_cokMapF	SnakeLean.IsStrong SnakeLean.MorphismPure SnakeLean.MorphismPure.πX SnakeLean.HasBizero SnakeLean.IsTwoMono SnakeLean.IsTwoCokernel	SnakeLean.MorphismPure.exists_piF SnakeLean.exists_cokMap SnakeLean.MorphismPure.πA
SnakeLean.snake_isExactAt_twoCokG	SnakeLean.IsStrong SnakeLean.HasBizero SnakeLean.IsNormal SnakeLean.IsTwoEpi SnakeLean.MorphismSES SnakeLean.IsExactAt SnakeLean.IsTwoCokernel SnakeLean.MorphismSES.f SnakeLean.MorphismSES.h SnakeLean.MorphismSES.g SnakeLean.IsSES	SnakeLean.isTwoKernel_op SnakeLean.isEquiv1_id SnakeLean.IsNormalEpi SnakeLean.snake_isTwoCokernel_barD SnakeLean.IsTwoKernel SnakeLean.strictOp SnakeLean.IsEquiv1.isNormalEpi SnakeLean.isStrongOp SnakeLean.bizeroOp SnakeLean.isExactAt_of_op
SnakeLean.SupOf.ctorIdx	SnakeLean.SupOf SnakeLean.LatticeClass	
SnakeLean.cosquareIso_naturality	SnakeLean.cosquareIso	
SnakeLean.AbCatClass.mk.sizeOf_spec	SnakeLean.ZeroCat SnakeLean.AbCatClass SnakeLean.ZeroCat.category CategoryTheory.ObjectProperty.abelianFullSubcategory SnakeLean.AbCatClass.mk SnakeLean.ZeroCat.instAbelian	
CategoryTheory.ObjectProperty.prop_of_surjective		
SnakeLean.isNormal_op	SnakeLean.HasBizero SnakeLean.IsNormal SnakeLean.bizeroOp	SnakeLean.IsNormalMono SnakeLean.isNormalMono_op SnakeLean.isNormalEpi_op SnakeLean.IsNormalEpi
SnakeLean.LatticeClass.rec	SnakeLean.LatticeClass.mk SnakeLean.iciCompleteLattice SnakeLean.LatticeClass	
SnakeLean.Pentagon.y	SnakeLean.Pentagon	
SnakeLean.IsTotallyNormalEpi.casesOn	SnakeLean.IsTotallyNormalEpi SnakeLean.IsNormalEpi SnakeLean.HasBizero SnakeLean.IsTotallyNormalEpi.mk	SnakeLean.IsTotallyNormalEpi.rec
SnakeLean.isNormal_bBar_full	SnakeLean.DPN SnakeLean.IsStrong SnakeLean.IsHSD SnakeLean.IsTwoKernel SnakeLean.HasBizero SnakeLean.IsNormal SnakeLean.IsTwoMono SnakeLean.MorphismSES SnakeLean.IsTwoCokernel SnakeLean.MorphismSES.f SnakeLean.TwoZExact SnakeLean.MorphismSES.h SnakeLean.MorphismSES.g SnakeLean.IsSES	SnakeLean.IsNormalMono SnakeLean.IsNormalEpi SnakeLean.exists_bBarData
SnakeLean.kerProp	SnakeLean.AbCatOf.category SnakeLean.AbCatClass SnakeLean.bicategoryAbCatOf SnakeLean.AbCatOf.carrier SnakeLean.AbCatOf	SnakeLean.AbCatHom.functor
SnakeLean.isClosed_sup_span_singleton		
TwoVertex.pa_eq	TwoVertex.lam TwoVertex.pa TwoVertex.al TwoVertex.be	
SnakeLean.pureSnake_isExactAt_left	SnakeLean.IsStrong SnakeLean.HasBizero SnakeLean.IsExactAt SnakeLean.IsSES	SnakeLean.isEquiv1_id SnakeLean.IsNormalEpi SnakeLean.IsTwoKernel SnakeLean.IsEquiv1.isNormalEpi SnakeLean.isTwoKernel_dinversion_of_ladder
SnakeLean.IsZeroAntinormal.casesOn	SnakeLean.IsNormalMono SnakeLean.IsEssNull SnakeLean.IsNormalEpi SnakeLean.HasBizero SnakeLean.IsZeroAntinormal.mk SnakeLean.IsZeroAntinormal	SnakeLean.IsZeroAntinormal.rec
SnakeLean.PureSnakeComparison	SnakeLean.HasBizero	
SnakeLean.SupOf.noConfusion	SnakeLean.SupOf.noConfusionType SnakeLean.SupOf SnakeLean.LatticeClass	SnakeLean.SupOf.casesOn SnakeLean.LatticeClass.Mem
SnakeLean.covBy_height_eq		
SnakeLean.dpnOp	SnakeLean.DPN SnakeLean.HasBizero SnakeLean.bizeroOp	SnakeLean.IsNormalMono SnakeLean.DPN.mk SnakeLean.isTwoCokernel_of_op SnakeLean.IsNormalEpi SnakeLean.isNormalMono_of_op SnakeLean.isTwoKernel_of_op SnakeLean.IsTwoKernel SnakeLean.isNormal_of_op SnakeLean.IsNormal SnakeLean.IsTwoCokernel SnakeLean.DPN.isNormal_comp_iff SnakeLean.isNormal_op SnakeLean.isNormalEpi_of_op
CategoryTheory.IsSerreQuotient.isZero_map_of_prop	CategoryTheory.IsSerreQuotient	
SnakeLean.SnakeTop.isNormalMono_i	SnakeLean.IsNormalMono SnakeLean.HasBizero SnakeLean.SnakeTop.i SnakeLean.SnakeTop.I SnakeLean.SnakeTop	
SnakeLean.SnakeHalf.noConfusion	SnakeLean.HasBizero SnakeLean.SnakeHalf SnakeLean.SnakeHalf.noConfusionType	SnakeLean.IsTwoKernel SnakeLean.IsNormal SnakeLean.IsTwoEpi SnakeLean.IsTwoCokernel SnakeLean.SnakeHalf.casesOn SnakeLean.IsEquiv1
SnakeLean.coe_transposeInv	SnakeLean.transposeInv	
SnakeLean.IsNull.comp_right	SnakeLean.IsNull	
SnakeLean.AbCatClass		
SnakeLean.TwoDiExact.recOn	SnakeLean.TwoDiExact.mk SnakeLean.HasBizero SnakeLean.TwoDiExact SnakeLean.IsNormal SnakeLean.IsAntinormal	SnakeLean.TwoDiExact.rec
CategoryTheory.ObjectProperty.instIsClosedUnderExtensionsMin_snakeLean		
SnakeLean.isSES_imgRow	SnakeLean.IsStrong SnakeLean.HasBizero SnakeLean.TwoDiExact SnakeLean.IsTwoMono SnakeLean.IsTwoEpi SnakeLean.IsTwoCokernel SnakeLean.TwoZExact SnakeLean.IsSES	SnakeLean.isTwoCokernel_imgMap SnakeLean.IsNormalMono SnakeLean.IsSES.isTwoCokernel SnakeLean.IsSES.isTwoKernel SnakeLean.isSES_of_isTwoKernel SnakeLean.IsNormalEpi SnakeLean.IsTwoKernel SnakeLean.isNormalMono_imgMap
SnakeLean.isBizero_of_isStrong	SnakeLean.IsStrong SnakeLean.IsBizero SnakeLean.HasBizero	SnakeLean.isNull_from SnakeLean.IsStrong.subsingleton_hom SnakeLean.IsStrong.nonempty_hom SnakeLean.isNull_to SnakeLean.HasBizero.toZero SnakeLean.HasBizero.fromZero
SnakeLean.zero1	SnakeLean.HasBizero	SnakeLean.HasBizero.toZero SnakeLean.HasBizero.fromZero
SnakeLean.ZeroCat.condSAT	SnakeLean.ZeroCat SnakeLean.ZeroCat.category CategoryTheory.ObjectProperty.CondSAT SnakeLean.ZeroCat.instAbelian	CategoryTheory.ObjectProperty.serreSaturation SnakeLean.ZeroCat.isZero CategoryTheory.ObjectProperty.le_serreSaturation
SnakeLean.instSSupHomClassHom	SnakeLean.SupOf.completeLattice SnakeLean.SupOf SnakeLean.SupOf.carrier SnakeLean.categoryStructSup SnakeLean.LatticeClass SnakeLean.instFunLikeHom	
SnakeLean.upProj_apply	SnakeLean.SupOf.completeLattice SnakeLean.upSeg SnakeLean.SupOf SnakeLean.SupOf.carrier SnakeLean.categoryStructSup SnakeLean.upProj SnakeLean.LatticeClass SnakeLean.instFunLikeHom	
SnakeLean.DPN.isNormal_comp_iff	SnakeLean.IsNormalMono SnakeLean.DPN SnakeLean.IsNormalEpi SnakeLean.IsTwoKernel SnakeLean.HasBizero SnakeLean.IsNormal SnakeLean.IsTwoCokernel	
SnakeLean.isZero_obj_of_isNull	SnakeLean.AbCatOf.category SnakeLean.AbCatClass SnakeLean.bicategoryAbCatOf SnakeLean.AbCatOf.carrier SnakeLean.IsNull SnakeLean.AbCatHom.functor SnakeLean.AbCatOf SnakeLean.AbCatHom SnakeLean.zeroAbCatOf	SnakeLean.ZeroCat.instPreadditive SnakeLean.AbCatHom.additive SnakeLean.isZero_map_obj SnakeLean.ZeroCat.isZero SnakeLean.AbCatOf.abelian
SnakeLean.MorphismPure.πZ	SnakeLean.MorphismPure	
CategoryTheory.ObjectProperty.isSerreClass_serreSaturation_of_twoStep	CategoryTheory.ObjectProperty.TwoStepKS CategoryTheory.ObjectProperty.serreJoin CategoryTheory.ObjectProperty.serreSaturation CategoryTheory.ObjectProperty.TwoStepSK	CategoryTheory.ObjectProperty.serreSaturation_le_serreJoin CategoryTheory.ObjectProperty.isSerreClass_serreSaturation_iff CategoryTheory.ObjectProperty.serreSaturation_of_twoStepSK CategoryTheory.ObjectProperty.serreSaturation_of_twoStepKS
TwoVertex.pa_mul_e₁	TwoVertex.lam TwoVertex.pa TwoVertex.e₁	
SnakeLean.cosquareIso.congr_simp	SnakeLean.cosquareIso	
SnakeLean.SnakeHalf.mk.sizeOf_spec	SnakeLean.IsTwoKernel SnakeLean.HasBizero SnakeLean.SnakeHalf SnakeLean.IsNormal SnakeLean.IsTwoEpi SnakeLean.IsTwoCokernel SnakeLean.SnakeHalf.mk SnakeLean.IsEquiv1	
SnakeLean.SnakeHalf.rec	SnakeLean.IsTwoKernel SnakeLean.HasBizero SnakeLean.SnakeHalf SnakeLean.IsNormal SnakeLean.IsTwoEpi SnakeLean.IsTwoCokernel SnakeLean.SnakeHalf.mk SnakeLean.IsEquiv1	
SnakeLean.isStrongOp	SnakeLean.IsStrong	SnakeLean.isNull_of_op SnakeLean.IsStrong.mk SnakeLean.IsStrong.subsingleton_hom SnakeLean.IsNull SnakeLean.IsStrong.nonempty_hom
SnakeLean.TwoZExact	SnakeLean.HasBizero	
CategoryTheory.ObjectProperty.prop_map_ι_iff		
SnakeLean.IsSES.isTwoKernel	SnakeLean.IsTwoKernel SnakeLean.HasBizero SnakeLean.IsSES	
SnakeLean.isSES_twoKernel	SnakeLean.IsStrong SnakeLean.HasBizero SnakeLean.HasTwoKernel SnakeLean.IsTwoCokernel SnakeLean.twoKernelObj SnakeLean.twoKernel SnakeLean.IsSES	SnakeLean.isSES_of_isTwoCokernel SnakeLean.isTwoKernel_twoKernel
SnakeLean.isEquiv1_of_op	SnakeLean.IsEquiv1	
SnakeLean.MorphismPure.ctorIdx	SnakeLean.MorphismPure	
SnakeLean.isSES_op	SnakeLean.HasBizero SnakeLean.bizeroOp SnakeLean.IsSES	SnakeLean.IsSES.isTwoCokernel SnakeLean.IsSES.isTwoKernel SnakeLean.isTwoKernel_op SnakeLean.IsSES.mk SnakeLean.isTwoCokernel_op
CategoryTheory.ObjectProperty.instHasFiniteProductsFullSubcategory_snakeLean		CategoryTheory.ObjectProperty.isClosedUnderFiniteProducts_of_isSerreClass
SnakeLean.IsTwoKernel.isLimitLD	SnakeLean.IsEssNull SnakeLean.hasBizeroLD SnakeLean.IsTwoKernel SnakeLean.isEssNull_locallyDiscrete_iff SnakeLean.zeroLD SnakeLean.IsTwoKernel.isEssNull_comp	SnakeLean.IsTwoKernel.facLD
SnakeLean.HasTwoKernel.mk	SnakeLean.IsTwoKernel SnakeLean.HasBizero SnakeLean.HasTwoKernel	
SnakeLean.IsEssNull.of_iso	SnakeLean.IsEssNull	SnakeLean.IsNull
SnakeLean.mkHom	SnakeLean.SupOf.completeLattice SnakeLean.SupOf SnakeLean.SupOf.carrier SnakeLean.categoryStructSup SnakeLean.LatticeClass	
SnakeLean.isEssNull_iff.match_1_3	SnakeLean.zero1 SnakeLean.HasBizero	
SnakeLean.SnakeTop.t	SnakeLean.IsStrong SnakeLean.twoCokernelObj SnakeLean.HasBizero SnakeLean.SnakeTop.i SnakeLean.SnakeTop.I SnakeLean.SnakeTop SnakeLean.TwoZExact SnakeLean.TwoZExact.toHasTwoCokernel	SnakeLean.SnakeTop.exists_t SnakeLean.twoCokernel
SnakeLean.hasTwoCokernel_zero1	SnakeLean.HasTwoCokernel SnakeLean.zero1 SnakeLean.HasBizero	SnakeLean.isTwoCokernel_id SnakeLean.IsTwoCokernel.hasTwoCokernel
SnakeLean.IsTotallyNormalEpi.comp	SnakeLean.IsTotallyNormalEpi SnakeLean.HasBizero	
SnakeLean.coim_square_of_img_square	SnakeLean.IsTwoMono	SnakeLean.IsTwoMono.preimageIso
SnakeLean.MorphismSES.h	SnakeLean.MorphismSES	
SnakeLean.isModularLattice_of_isUpperModular_of_isLowerModular		SnakeLean.height_sup_add_height_inf SnakeLean.isModularLattice_of_forall_pentagon
SnakeLean.Pentagon.le.match_1	SnakeLean.Pentagon.y SnakeLean.Pentagon.bot SnakeLean.Pentagon.z SnakeLean.Pentagon SnakeLean.Pentagon.x SnakeLean.Pentagon.top	SnakeLean.Pentagon.ctorIdx
SnakeLean.DPN.mk	SnakeLean.IsNormalMono SnakeLean.DPN SnakeLean.IsNormalEpi SnakeLean.IsTwoKernel SnakeLean.HasBizero SnakeLean.IsNormal SnakeLean.IsTwoCokernel	
CategoryTheory.ObjectProperty.le_sqEssential	CategoryTheory.ObjectProperty.SQEssential	CategoryTheory.ObjectProperty.HasNonzeroSub CategoryTheory.IsSubquotient
SnakeLean.postcompCompIso		
SnakeLean.IsTwoMono.recOn	SnakeLean.IsTwoMono SnakeLean.IsTwoMono.mk	SnakeLean.IsTwoMono.rec
SnakeLean.fromZeroFunctor	SnakeLean.ZeroCat SnakeLean.ZeroCat.category	
SnakeLean.IsTwoKernel.of_isEquiv1_comp	SnakeLean.IsStrong SnakeLean.IsTwoKernel SnakeLean.HasBizero SnakeLean.IsEquiv1	SnakeLean.isEquiv1_of_inv SnakeLean.IsTwoKernel.isEquiv1_comp SnakeLean.IsTwoKernel.of_iso_right
SnakeLean.AbCatClass.mem_fullSubcategory	SnakeLean.AbCatClass CategoryTheory.ObjectProperty.abelianFullSubcategory SnakeLean.AbCatClass.Mem	
SnakeLean.IsEquiv1.of_iso	SnakeLean.IsEquiv1	
SnakeLean.height_sup_add_height_inf_le		SnakeLean.covBy_height_eq SnakeLean.sup_eq_or_covBy_sup
SnakeLean.isTrivial_twoCokernelObj	SnakeLean.HasTwoCokernel SnakeLean.IsStrong SnakeLean.twoCokernelObj SnakeLean.HasBizero SnakeLean.IsTwoEpi SnakeLean.IsTrivial	SnakeLean.isTwoCokernel_twoCokernel SnakeLean.IsTwoCokernel.isTrivial_of_isTwoEpi SnakeLean.twoCokernel
SnakeLean.transpositionSymmetric_of_isModularLattice	SnakeLean.TranspositionSymmetric	SnakeLean.Transposes SnakeLean.transposes_of_isModularLattice
SnakeLean.segRestrict	SnakeLean.SupOf.completeLattice SnakeLean.seg SnakeLean.SupOf SnakeLean.SupOf.carrier SnakeLean.categoryStructSup SnakeLean.LatticeClass SnakeLean.instFunLikeHom	SnakeLean.mkHom
SnakeLean.instPreservesFiniteColimitsZeroCat	SnakeLean.ZeroCat SnakeLean.ZeroCat.category	SnakeLean.instPreservesColimitsOfShapeZeroCat
SnakeLean.Pentagon.enumList	SnakeLean.Pentagon	SnakeLean.Pentagon.y SnakeLean.Pentagon.bot SnakeLean.Pentagon.z SnakeLean.Pentagon.x SnakeLean.Pentagon.top
SnakeLean.isZero_map_obj		
SnakeLean.Pentagon.bot.sizeOf_spec	SnakeLean.Pentagon.bot SnakeLean.Pentagon	
SnakeLean.isModularLattice_of_forall_transposes	SnakeLean.Transposes	
TwoVertex.sc.eq_1	TwoVertex.lam TwoVertex.sc	
SnakeLean.IsStrong		
SnakeLean.apply_top_of_isEquiv1	SnakeLean.SupOf.completeLattice SnakeLean.bicategorySup SnakeLean.SupOf SnakeLean.SupOf.carrier SnakeLean.categoryStructSup SnakeLean.LatticeClass SnakeLean.instFunLikeHom SnakeLean.IsEquiv1	SnakeLean.bijective_of_isEquiv1 SnakeLean.instSSupHomClassHom
SnakeLean.IsNull.comp_left	SnakeLean.IsNull	
SnakeLean.Pentagon.casesOn	SnakeLean.Pentagon.y SnakeLean.Pentagon.bot SnakeLean.Pentagon.z SnakeLean.Pentagon SnakeLean.Pentagon.x SnakeLean.Pentagon.top	SnakeLean.Pentagon.rec
SnakeLean.upProj	SnakeLean.upSeg SnakeLean.SupOf SnakeLean.SupOf.carrier SnakeLean.categoryStructSup SnakeLean.LatticeClass	SnakeLean.SupOf.completeLattice SnakeLean.mkHom
SnakeLean.SnakeHalf.t	SnakeLean.SnakeHalf.Q SnakeLean.HasBizero SnakeLean.SnakeHalf	
SnakeLean.isAntinormal_op	SnakeLean.HasBizero SnakeLean.IsAntinormal SnakeLean.bizeroOp	SnakeLean.IsNormalMono SnakeLean.isNormalMono_op SnakeLean.isNormalEpi_op SnakeLean.IsNormalEpi
SnakeLean.normalEpiCompSup	SnakeLean.zeroSup SnakeLean.NormalEpiComp SnakeLean.bicategorySup SnakeLean.SupOf SnakeLean.hasBizeroSup SnakeLean.LatticeClass	SnakeLean.exists_isEquiv1_upProj_comp SnakeLean.isStrongSup SnakeLean.IsNormalEpi SnakeLean.SupOf.completeLattice SnakeLean.IsEquiv1.comp SnakeLean.seg SnakeLean.isTwoCokernel_segIncl_upProj SnakeLean.upSeg SnakeLean.segIncl SnakeLean.NormalEpiComp.mk SnakeLean.IsTwoCokernel SnakeLean.IsNormalEpi.isEquiv1_comp SnakeLean.SupOf.carrier SnakeLean.categoryStructSup SnakeLean.strictSup SnakeLean.upProj SnakeLean.exists_isEquiv1_of_isTwoCokernel SnakeLean.instFunLikeHom SnakeLean.IsNormalEpi.comp_isEquiv1 SnakeLean.IsEquiv1
SnakeLean.isEquiv1_tfae	SnakeLean.IsNormalMono SnakeLean.IsStrong SnakeLean.IsNormalEpi SnakeLean.HasBizero SnakeLean.IsTwoMono SnakeLean.IsTwoEpi SnakeLean.IsEquiv1	SnakeLean.IsEquiv1.isNormalMono SnakeLean.IsTwoKernel SnakeLean.IsEquiv1.isNormalEpi SnakeLean.isEquiv1_of_isNormalEpi SnakeLean.isEquiv1_of_isNormalMono SnakeLean.IsTwoCokernel SnakeLean.IsTwoCokernel.isTwoEpi SnakeLean.IsTwoKernel.isTwoMono
CategoryTheory.ObjectProperty.prop_map_ι_ι_obj_iff.match_1_1		
CategoryTheory.ObjectProperty.isSerreClass_annBy	CategoryTheory.ObjectProperty.annBy	CategoryTheory.ObjectProperty.instIsClosedUnderSubobjectsModuleCatAnnBy CategoryTheory.ObjectProperty.instIsClosedUnderQuotientsModuleCatAnnBy CategoryTheory.ObjectProperty.instContainsZeroModuleCatAnnBy CategoryTheory.ObjectProperty.isClosedUnderExtensions_annBy
SnakeLean.pureSnakeComparison'	SnakeLean.HasTwoCokernel SnakeLean.IsStrong SnakeLean.IsHSD SnakeLean.twoCokernelObj SnakeLean.HasBizero SnakeLean.HasTwoKernel SnakeLean.twoKernelObj SnakeLean.twoCokernel SnakeLean.twoKernel SnakeLean.PureSnakeComparison SnakeLean.IsSES	SnakeLean.isTwoCokernel_twoCokernel SnakeLean.isTwoKernel_twoKernel SnakeLean.pureSnakeComparison
SnakeLean.MorphismSES		
SnakeLean.LatticeClass.mk.injEq	SnakeLean.LatticeClass.mk SnakeLean.iciCompleteLattice SnakeLean.LatticeClass	SnakeLean.LatticeClass.mk.noConfusion
SnakeLean.isSES_twoCoim	SnakeLean.IsStrong SnakeLean.HasBizero SnakeLean.TwoZExact.toHasTwoKernel SnakeLean.twoKernelObj SnakeLean.TwoZExact SnakeLean.twoCoim SnakeLean.twoKernel SnakeLean.twoCoimObj SnakeLean.IsSES	SnakeLean.isSES_of_isTwoKernel SnakeLean.isTwoKernel_twoKernel SnakeLean.isTwoCokernel_twoCoim
SnakeLean.strictSup	SnakeLean.bicategorySup SnakeLean.SupOf SnakeLean.LatticeClass	SnakeLean.categoryStructSup SnakeLean.instPartialOrderHom
SnakeLean.IsHomologySelfDual	SnakeLean.HasBizero	SnakeLean.NormalChainComplex.d SnakeLean.IsTwoKernel SnakeLean.IsTwoCokernel SnakeLean.NormalChainComplex SnakeLean.NormalChainComplex.obj SnakeLean.IsEquiv1
SnakeLean.isTwoCokernel_of_op	SnakeLean.IsTwoKernel SnakeLean.HasBizero SnakeLean.IsTwoCokernel SnakeLean.bizeroOp	SnakeLean.IsTwoCokernel.mk SnakeLean.IsEssNull SnakeLean.IsTwoKernel.fac SnakeLean.isEssNull_op SnakeLean.isTwoEpi_of_isTwoMono_op SnakeLean.IsTwoKernel.isTwoMono SnakeLean.isEssNull_of_op SnakeLean.IsTwoKernel.isEssNull_comp
TwoVertex.exists_al_mul	TwoVertex.lam TwoVertex.al	TwoVertex.sc TwoVertex.lam_eq TwoVertex.coe_mul
SnakeLean.IsTotallyNormalEpi.left	SnakeLean.IsTotallyNormalEpi SnakeLean.IsNormalEpi SnakeLean.HasBizero	
isNoetherianObject_moduleCat		
SnakeLean.IsBipullback.mk	SnakeLean.squareIso SnakeLean.IsBipullback	
SnakeLean.isModularLattice_of_transpositionSymmetric_of_krullDim	SnakeLean.TranspositionSymmetric	SnakeLean.height_ne_top_of_krullDim_lt_top SnakeLean.isModularLattice_of_transpositionSymmetric SnakeLean.isModularLattice_of_transpositionSymmetric_of_krullDim.match_1_1
CategoryTheory.ObjectProperty.instIsClosedUnderSubobjectsSQEssential	CategoryTheory.ObjectProperty.SQEssential	CategoryTheory.IsSubquotient.of_mono CategoryTheory.IsSubquotient.trans CategoryTheory.IsSubquotient
TwoVertex.spanF.eq_1	TwoVertex.lam TwoVertex.spanD TwoVertex.spanF TwoVertex.nOne TwoVertex.spanA TwoVertex.nTwo	
SnakeLean.isTwoMono_op	SnakeLean.IsTwoMono SnakeLean.IsTwoEpi	SnakeLean.IsTwoMono.mk SnakeLean.IsTwoEpi.full SnakeLean.IsTwoEpi.faithful
SnakeLean.MorphismPure.mk.sizeOf_spec	SnakeLean.MorphismPure SnakeLean.MorphismPure.mk	
CategoryTheory.ObjectProperty.serreSaturation		
SnakeLean.dualModularPair_of_isClosed_sup	SnakeLean.DualModularPair	SnakeLean.toSubmodule_sup_of_isClosed
SnakeLean.Pentagon.top.sizeOf_spec	SnakeLean.Pentagon SnakeLean.Pentagon.top	
SnakeLean.IsStrong.subsingleton_hom	SnakeLean.IsStrong SnakeLean.IsNull	
SnakeLean.CoreflectsNull		SnakeLean.IsEssNull
SnakeLean.NormalChainComplex.recOn	SnakeLean.IsEssNull SnakeLean.HasBizero SnakeLean.IsNormal SnakeLean.NormalChainComplex SnakeLean.NormalChainComplex.mk	SnakeLean.NormalChainComplex.rec
SnakeLean.isEquiv1_tfae_representable	SnakeLean.IsEquiv1	SnakeLean.postcompIdIso SnakeLean.precompIdIso SnakeLean.postcompMapIso SnakeLean.postcompCompIso SnakeLean.precompMapIso SnakeLean.precompCompIso
CategoryTheory.ObjectProperty.prop_map_ι_ι_obj_iff		CategoryTheory.ObjectProperty.prop_map_ι_iff CategoryTheory.ObjectProperty.prop_map_ι_ι_obj_iff.match_1_1
SnakeLean.IsTwoCokernel	SnakeLean.HasBizero	
SnakeLean.SnakeTop.comparison	SnakeLean.IsStrong SnakeLean.IsHSD SnakeLean.IsTwoKernel SnakeLean.twoCokernelObj SnakeLean.HasBizero SnakeLean.SnakeTop.i SnakeLean.SnakeTop.I SnakeLean.SnakeTop SnakeLean.TwoZExact.toHasTwoKernel SnakeLean.twoKernelObj SnakeLean.TwoZExact SnakeLean.TwoZExact.toHasTwoCokernel SnakeLean.twoCokernel SnakeLean.twoKernel SnakeLean.PureSnakeComparison SnakeLean.SnakeTop.t SnakeLean.SnakeTop.iBar	SnakeLean.SnakeTop.θi SnakeLean.SnakeTop.nonempty_comp_t SnakeLean.pureSnakeComparison
SnakeLean.inf_eq_or_covBy_inf		
SnakeLean.nonempty_iso_inv_square	SnakeLean.IsEquiv1.inv SnakeLean.IsEquiv1	SnakeLean.IsEquiv1.nonempty_comp_inv SnakeLean.IsEquiv1.nonempty_inv_comp
SnakeLean.isThirdIsoDual_of_twoDiExact	SnakeLean.IsStrong SnakeLean.HasBizero SnakeLean.TwoDiExact SnakeLean.IsThirdIsoDual	SnakeLean.isThirdIsoDual_of_isHSD SnakeLean.isHSD_of_twoDiExact
TwoVertex.isIdempotentElem_e₁	TwoVertex.lam TwoVertex.e₁	
SnakeLean.AbCatOf.mem	SnakeLean.AbCatOf.category SnakeLean.AbCatClass SnakeLean.AbCatClass.Mem SnakeLean.AbCatOf.carrier SnakeLean.AbCatOf SnakeLean.AbCatOf.abelian	
SnakeLean.isThirdIso_op_of_isThirdIsoDual.match_1_3		
SnakeLean.SnakeTop.mk.noConfusion	SnakeLean.IsNormalMono SnakeLean.IsNormalEpi SnakeLean.HasBizero SnakeLean.SnakeTop SnakeLean.SnakeTop.mk	SnakeLean.SnakeTop.noConfusion
CategoryTheory.exists_mono_epi_of_epi_mono		
SnakeLean.SnakeHalf.i	SnakeLean.HasBizero SnakeLean.SnakeHalf SnakeLean.SnakeHalf.I	
SnakeLean.isEssNull_zero1	SnakeLean.IsEssNull SnakeLean.zero1 SnakeLean.HasBizero	SnakeLean.IsNull SnakeLean.isNull_zero1
SnakeLean.isSES_of_isTwoCokernel	SnakeLean.IsStrong SnakeLean.IsTwoKernel SnakeLean.HasBizero SnakeLean.IsTwoCokernel SnakeLean.IsSES	SnakeLean.IsSES.mk SnakeLean.IsTwoCokernel.of_isTwoKernel
SnakeLean.IsThirdIsoDual	SnakeLean.HasBizero	SnakeLean.IsTotallyNormalEpi SnakeLean.IsTwoKernel SnakeLean.IsSES
SnakeLean.IsNormalEpi.of_comp	SnakeLean.IsNormalEpi SnakeLean.HasBizero SnakeLean.IsTwoEpi	SnakeLean.isNormalMono_op SnakeLean.isTwoMono_op SnakeLean.strictOp SnakeLean.bizeroOp SnakeLean.isNormalEpi_of_op SnakeLean.IsNormalMono.of_comp
SnakeLean.isSES_of_isTwoKernel	SnakeLean.IsStrong SnakeLean.IsTwoKernel SnakeLean.HasBizero SnakeLean.IsTwoCokernel SnakeLean.IsSES	SnakeLean.IsSES.mk SnakeLean.IsTwoKernel.of_isTwoCokernel
SnakeLean.instIsSerreClassCarrierKerProp	SnakeLean.AbCatOf.category SnakeLean.AbCatClass SnakeLean.bicategoryAbCatOf SnakeLean.AbCatOf.carrier SnakeLean.AbCatOf SnakeLean.AbCatOf.abelian SnakeLean.kerProp	SnakeLean.AbCatHom.additive CategoryTheory.ObjectProperty.isSerreClass_inverseImage SnakeLean.AbCatHom.functor SnakeLean.AbCatHom.preservesFiniteLimits SnakeLean.AbCatHom.preservesFiniteColimits
SnakeLean.isTwoKernel_op_iff	SnakeLean.IsTwoKernel SnakeLean.HasBizero SnakeLean.IsTwoCokernel SnakeLean.bizeroOp	SnakeLean.isTwoCokernel_of_op SnakeLean.isTwoKernel_op
CategoryTheory.ObjectProperty.instIsClosedUnderSubobjectsMin_snakeLean		
CategoryTheory.ObjectProperty.instContainsZeroInverseImage_snakeLean		
SnakeLean.IsCofaithful₁.recOn	SnakeLean.IsCofaithful₁.mk SnakeLean.IsCofaithful₁	SnakeLean.IsCofaithful₁.rec
SnakeLean.IsEquiv1.isEquiv1_inv	SnakeLean.IsEquiv1.inv SnakeLean.IsEquiv1	SnakeLean.isEquiv1_of_inv SnakeLean.IsEquiv1.nonempty_comp_inv SnakeLean.IsEquiv1.nonempty_inv_comp
SnakeLean.TwoDiExact.casesOn	SnakeLean.TwoDiExact.mk SnakeLean.HasBizero SnakeLean.TwoDiExact SnakeLean.IsNormal SnakeLean.IsAntinormal	SnakeLean.TwoDiExact.rec
SnakeLean.SnakeTop.noConfusion	SnakeLean.SnakeTop.noConfusionType SnakeLean.HasBizero SnakeLean.SnakeTop	SnakeLean.IsNormalMono SnakeLean.IsNormalEpi SnakeLean.SnakeTop.casesOn
SnakeLean.MorphismPure.exists_piH	SnakeLean.MorphismPure SnakeLean.MorphismPure.πC SnakeLean.IsTwoEpi SnakeLean.MorphismPure.πZ	SnakeLean.MorphismPure.πX SnakeLean.isTwoMono_op SnakeLean.MorphismPure.exists_piF SnakeLean.strictOp SnakeLean.MorphismPure.op SnakeLean.MorphismPure.πA
SnakeLean.PureSnakeComparison.mk	SnakeLean.HasBizero SnakeLean.PureSnakeComparison SnakeLean.IsEquiv1	
SnakeLean.exists_cokMap	SnakeLean.IsStrong SnakeLean.HasBizero SnakeLean.IsTwoCokernel	SnakeLean.isTwoKernel_op SnakeLean.strictOp SnakeLean.isStrongOp SnakeLean.bizeroOp SnakeLean.exists_kerMap
SnakeLean.IsTwoEpi.full	SnakeLean.IsTwoEpi	
SnakeLean.twoTermObj		SnakeLean.twoTermObj.match_1
SnakeLean.IsTwoCokernel.isTrivial_of_isTwoEpi	SnakeLean.IsStrong SnakeLean.HasBizero SnakeLean.IsTwoEpi SnakeLean.IsTrivial SnakeLean.IsTwoCokernel	SnakeLean.isTwoKernel_op SnakeLean.isTwoMono_op SnakeLean.strictOp SnakeLean.isStrongOp SnakeLean.bizeroOp SnakeLean.isTrivial_of_op SnakeLean.IsTwoKernel.isTrivial_of_isTwoMono
SnakeLean.nsfl_isEquiv1'	SnakeLean.HasTwoCokernel SnakeLean.IsStrong SnakeLean.HasBizero SnakeLean.IsNormal SnakeLean.HasTwoKernel SnakeLean.MorphismSES SnakeLean.MorphismSES.f SnakeLean.MorphismSES.h SnakeLean.MorphismSES.g SnakeLean.IsSES SnakeLean.IsEquiv1	SnakeLean.IsSES.isTwoCokernel SnakeLean.IsSES.isTwoKernel SnakeLean.isTwoCokernel_twoCokernel SnakeLean.twoCokernelObj SnakeLean.isTwoKernel_twoKernel SnakeLean.nsfl_isEquiv1 SnakeLean.twoKernelObj SnakeLean.twoCokernel SnakeLean.twoKernel
SnakeLean.isHSD_locallyDiscrete	SnakeLean.IsHSD SnakeLean.hasBizeroLD SnakeLean.zeroLD	SnakeLean.twoDiExact_locallyDiscrete SnakeLean.isHSD_of_twoDiExact
SnakeLean.MorphismPure.mk.inj	SnakeLean.MorphismPure SnakeLean.MorphismPure.mk	SnakeLean.MorphismPure.mk.noConfusion
SnakeLean.IsNormal	SnakeLean.HasBizero	SnakeLean.IsNormalMono SnakeLean.IsNormalEpi
SnakeLean.dualModularPair_iff_isClosed_sup	SnakeLean.DualModularPair	SnakeLean.isClosed_sup_span_singleton SnakeLean.dualModularPair_of_isClosed_sup
SnakeLean.isTwoKernel_op	SnakeLean.IsTwoKernel SnakeLean.HasBizero SnakeLean.IsTwoCokernel SnakeLean.bizeroOp	SnakeLean.IsEssNull SnakeLean.IsTwoKernel.mk SnakeLean.isTwoMono_op SnakeLean.isEssNull_op SnakeLean.IsTwoCokernel.isEssNull_comp SnakeLean.IsTwoCokernel.fac SnakeLean.IsTwoCokernel.isTwoEpi SnakeLean.isEssNull_of_op
CategoryTheory.ObjectProperty.CondSAT		CategoryTheory.ObjectProperty.serreSaturation
SnakeLean.isNormalMono_twoImg	SnakeLean.IsNormalMono SnakeLean.HasBizero SnakeLean.twoImgObj SnakeLean.TwoZExact SnakeLean.twoImg	SnakeLean.IsTwoKernel SnakeLean.twoCokernelObj SnakeLean.TwoZExact.toHasTwoCokernel SnakeLean.isTwoKernel_twoImg SnakeLean.twoCokernel
SnakeLean.AbCatHom.hom_ext_iff	SnakeLean.AbCatOf.category SnakeLean.AbCatClass SnakeLean.AbCatOf.carrier SnakeLean.AbCatHom.functor SnakeLean.AbCatHom.category SnakeLean.AbCatOf SnakeLean.AbCatHom	SnakeLean.AbCatHom.hom_ext
SnakeLean.IsTwoKernel.recOn	SnakeLean.IsEssNull SnakeLean.IsTwoKernel.mk SnakeLean.IsTwoKernel SnakeLean.HasBizero SnakeLean.IsTwoMono	SnakeLean.IsTwoKernel.rec
SnakeLean.toZeroFunctor	SnakeLean.ZeroCat SnakeLean.ZeroCat.category	
CategoryTheory.ObjectProperty.ofFG		
SnakeLean.isNormal_comp_of_isNormal_bBar	SnakeLean.IsNormalMono SnakeLean.NormalMonoComp SnakeLean.HasBizero SnakeLean.IsNormal	SnakeLean.IsNormalEpi SnakeLean.NormalMonoComp.isNormalMono_comp
SnakeLean.isEquiv1_of_isNormalEpi	SnakeLean.IsStrong SnakeLean.IsNormalEpi SnakeLean.HasBizero SnakeLean.IsTwoMono SnakeLean.IsEquiv1	SnakeLean.IsEssNull.of_iso SnakeLean.IsEssNull SnakeLean.IsTwoEpi.preimageIso SnakeLean.IsEssNull.of_comp_isTwoMono SnakeLean.IsTwoCokernel SnakeLean.IsTwoCokernel.isEssNull_comp SnakeLean.IsTwoCokernel.fac SnakeLean.IsTwoCokernel.isTwoEpi
SnakeLean.HasTwoKernel.casesOn	SnakeLean.IsTwoKernel SnakeLean.HasBizero SnakeLean.HasTwoKernel SnakeLean.HasTwoKernel.mk	SnakeLean.HasTwoKernel.rec
SnakeLean.isNull_of_forall_eq_bot	SnakeLean.zeroSup SnakeLean.SupOf.completeLattice SnakeLean.IsNull SnakeLean.bicategorySup SnakeLean.SupOf SnakeLean.SupOf.carrier SnakeLean.categoryStructSup SnakeLean.LatticeClass SnakeLean.instFunLikeHom	SnakeLean.HasBizero.toZero SnakeLean.hasBizeroSup SnakeLean.HasBizero.fromZero
SnakeLean.SnakeTop.mk.sizeOf_spec	SnakeLean.IsNormalMono SnakeLean.IsNormalEpi SnakeLean.HasBizero SnakeLean.SnakeTop SnakeLean.SnakeTop.mk	
SnakeLean.SupOf.mk.injEq	SnakeLean.SupOf SnakeLean.SupOf.mk SnakeLean.LatticeClass SnakeLean.LatticeClass.Mem	SnakeLean.SupOf.mk.noConfusion
SnakeLean.IsEquiv1.inv	SnakeLean.IsEquiv1	
SnakeLean.transpositionSymmetric_Icc	SnakeLean.TranspositionSymmetric	SnakeLean.Transposes SnakeLean.transposes_coe_Icc
SnakeLean.isTwoEpi_upProj	SnakeLean.bicategorySup SnakeLean.upSeg SnakeLean.IsTwoEpi SnakeLean.SupOf SnakeLean.SupOf.carrier SnakeLean.upProj SnakeLean.LatticeClass	SnakeLean.le_of_twoCell SnakeLean.SupOf.completeLattice SnakeLean.IsTwoEpi.mk SnakeLean.categoryStructSup SnakeLean.twoCellOfLe SnakeLean.instPartialOrderHom SnakeLean.instFunLikeHom
SnakeLean.isZero_obj_of_isEssNull	SnakeLean.AbCatOf.category SnakeLean.IsEssNull SnakeLean.AbCatClass SnakeLean.bicategoryAbCatOf SnakeLean.AbCatOf.carrier SnakeLean.AbCatHom.functor SnakeLean.AbCatOf SnakeLean.AbCatHom SnakeLean.zeroAbCatOf	SnakeLean.IsNull SnakeLean.isZero_obj_of_isNull SnakeLean.AbCatHom.natIsoOfIso
CategoryTheory.ObjectProperty.annBy_iff	CategoryTheory.ObjectProperty.annBy	
SnakeLean.SatCat		SnakeLean.AbCatClass.sat SnakeLean.AbCatOf
SnakeLean.snakeTop	SnakeLean.IsStrong SnakeLean.IsNormalEpi SnakeLean.IsTwoKernel SnakeLean.HasBizero SnakeLean.TwoDiExact SnakeLean.SnakeTop	SnakeLean.IsNormalMono SnakeLean.IsEssNull SnakeLean.IsNormal SnakeLean.SnakeTop.mk
SnakeLean.IsTwoMono.casesOn	SnakeLean.IsTwoMono SnakeLean.IsTwoMono.mk	SnakeLean.IsTwoMono.rec
CategoryTheory.IsSerreQuotient.recOn	CategoryTheory.IsSerreQuotient CategoryTheory.IsSerreQuotient.mk	CategoryTheory.IsSerreQuotient.rec
SnakeLean.exists_serreClass_of_isNormalMono	SnakeLean.IsNormalMono SnakeLean.AbCatOf.category SnakeLean.subAbCatOf SnakeLean.hasBizeroAbCatOf SnakeLean.AbCatClass SnakeLean.bicategoryAbCatOf SnakeLean.AbCatOf.carrier SnakeLean.AbCatOf SnakeLean.AbCatOf.abelian SnakeLean.zeroAbCatOf	SnakeLean.kerIncl SnakeLean.IsTwoKernel SnakeLean.strictAbCatOf SnakeLean.instIsSerreClassCarrierKerProp SnakeLean.kerProp SnakeLean.isTwoKernel_kerIncl SnakeLean.IsTwoKernel.equivalence
SnakeLean.height_sup_add_height_inf		SnakeLean.le_height_sup_add_height_inf SnakeLean.height_sup_add_height_inf_le
SnakeLean.modularPair_iff	SnakeLean.ModularPair	
SnakeLean.isEssNull_isTwoEpi_comp_iff	SnakeLean.IsEssNull SnakeLean.IsStrong SnakeLean.HasBizero SnakeLean.IsTwoEpi	SnakeLean.IsEssNull.comp_left SnakeLean.IsEssNull.of_comp_isTwoEpi
SnakeLean.MorphismPure.mk.injEq	SnakeLean.MorphismPure SnakeLean.MorphismPure.mk	SnakeLean.MorphismPure.mk.noConfusion
SnakeLean.cancel_isTwoMono	SnakeLean.bicategorySup SnakeLean.IsTwoMono SnakeLean.SupOf SnakeLean.categoryStructSup SnakeLean.LatticeClass	SnakeLean.IsTwoMono.full SnakeLean.instPartialOrderHom
SnakeLean.IsTwoCokernel.of_iso_right	SnakeLean.HasBizero SnakeLean.IsTwoCokernel	SnakeLean.isTwoCokernel_of_op SnakeLean.isTwoKernel_op SnakeLean.bizeroOp SnakeLean.IsTwoKernel.of_iso_right
CategoryTheory.ObjectProperty.TwoStepKS		
SnakeLean.SupAll		SnakeLean.SupOf SnakeLean.allClass
SnakeLean.IsNormalMono.of_comp	SnakeLean.IsNormalMono SnakeLean.HasBizero SnakeLean.IsTwoMono	SnakeLean.IsEssNull.of_iso SnakeLean.IsEssNull SnakeLean.IsTwoKernel.fac SnakeLean.IsTwoKernel.mk SnakeLean.isTwoMono_of_comp SnakeLean.IsTwoKernel SnakeLean.IsTwoMono.toIsFaithful₁ SnakeLean.IsTwoKernel.isTwoMono SnakeLean.IsTwoMono.preimageIso SnakeLean.IsTwoKernel.isEssNull_comp
SnakeLean.AbCatHom.hom_ext	SnakeLean.AbCatOf.category SnakeLean.AbCatClass SnakeLean.AbCatOf.carrier SnakeLean.AbCatHom.functor SnakeLean.AbCatHom.category SnakeLean.AbCatOf SnakeLean.AbCatHom	
SnakeLean.isBipullback_left_of_isTwoMono	SnakeLean.IsStrong SnakeLean.MorphismSES.φK SnakeLean.IsTwoKernel SnakeLean.HasBizero SnakeLean.IsTwoMono SnakeLean.MorphismSES SnakeLean.MorphismSES.f SnakeLean.MorphismSES.h SnakeLean.IsBipullback SnakeLean.MorphismSES.g	SnakeLean.IsEssNull.of_iso SnakeLean.IsEssNull SnakeLean.IsEssNull.comp_left SnakeLean.IsTwoKernel.fac SnakeLean.IsEssNull.of_comp_isTwoMono SnakeLean.IsTwoKernel.isTwoMono SnakeLean.isBipullback_of_isTwoMono SnakeLean.IsTwoKernel.isEssNull_comp SnakeLean.MorphismSES.φQ
SnakeLean.IsTwoKernel.isEquiv1_comp	SnakeLean.IsStrong SnakeLean.IsTwoKernel SnakeLean.HasBizero SnakeLean.IsEquiv1	SnakeLean.IsEquiv1.isTwoMono SnakeLean.IsEssNull.of_iso SnakeLean.IsEssNull SnakeLean.IsEssNull.comp_left SnakeLean.IsTwoKernel.fac SnakeLean.IsTwoKernel.mk SnakeLean.IsTwoMono.comp SnakeLean.IsTwoMono SnakeLean.IsTwoKernel.isTwoMono SnakeLean.IsTwoKernel.isEssNull_comp
SnakeLean.instBotHomClassHom	SnakeLean.SupOf.completeLattice SnakeLean.SupOf SnakeLean.SupOf.carrier SnakeLean.categoryStructSup SnakeLean.LatticeClass SnakeLean.instFunLikeHom	
SnakeLean.AbCatClass.rec	SnakeLean.ZeroCat SnakeLean.AbCatClass SnakeLean.ZeroCat.category CategoryTheory.ObjectProperty.abelianFullSubcategory SnakeLean.AbCatClass.mk SnakeLean.ZeroCat.instAbelian	
SnakeLean.IsEquiv1.nonempty_comp_inv	SnakeLean.IsEquiv1.inv SnakeLean.IsEquiv1	
SnakeLean.NormalMonoComp.rec	SnakeLean.IsNormalMono SnakeLean.NormalMonoComp SnakeLean.HasBizero SnakeLean.NormalMonoComp.mk	
SnakeLean.isEquiv1_iff_isTrivial	SnakeLean.IsNormalMono SnakeLean.IsStrong SnakeLean.IsNormalEpi SnakeLean.IsTwoKernel SnakeLean.HasBizero SnakeLean.IsTrivial SnakeLean.IsTwoCokernel SnakeLean.IsEquiv1	SnakeLean.IsEquiv1.isTwoMono SnakeLean.isNormalMono_of_isTrivial SnakeLean.isNormalEpi_of_isTrivial SnakeLean.IsEquiv1.isTwoEpi SnakeLean.IsTwoCokernel.isTrivial_of_isTwoEpi SnakeLean.IsEquiv1.comp SnakeLean.IsEquiv1.of_iso SnakeLean.IsTwoKernel.isTrivial_of_isTwoMono
SnakeLean.Pentagon.x	SnakeLean.Pentagon	
SnakeLean.Pentagon.z.sizeOf_spec	SnakeLean.Pentagon.z SnakeLean.Pentagon	
SnakeLean.MorphismSES.op	SnakeLean.MorphismSES	SnakeLean.MorphismSES.φK SnakeLean.MorphismSES.f SnakeLean.MorphismSES.h SnakeLean.MorphismSES.g SnakeLean.MorphismSES.mk SnakeLean.MorphismSES.φQ
SnakeLean.IsTwoCokernel.of_comp_isEquiv1	SnakeLean.IsStrong SnakeLean.HasBizero SnakeLean.IsTwoCokernel SnakeLean.IsEquiv1	SnakeLean.isTwoCokernel_of_op SnakeLean.isTwoKernel_op SnakeLean.isEquiv1_op SnakeLean.strictOp SnakeLean.isStrongOp SnakeLean.bizeroOp SnakeLean.IsTwoKernel.of_isEquiv1_comp
SnakeLean.transposeMap_le_transposeMap_iff	SnakeLean.Transposes SnakeLean.transposeMap	SnakeLean.transposeInv SnakeLean.transpose_gc SnakeLean.transposeInv_transposeMap
SnakeLean.MorphismPure.noConfusion	SnakeLean.MorphismPure SnakeLean.MorphismPure.noConfusionType	SnakeLean.MorphismPure.casesOn
SnakeLean.MorphismPure.πC	SnakeLean.MorphismPure	
SnakeLean.isNormalEpi_of_isTrivial	SnakeLean.IsNormalMono SnakeLean.IsStrong SnakeLean.IsNormalEpi SnakeLean.HasBizero SnakeLean.IsTrivial SnakeLean.IsTwoCokernel SnakeLean.IsEquiv1	SnakeLean.isNormalMono_op SnakeLean.isTwoKernel_op SnakeLean.isNormalEpi_op SnakeLean.isNormalMono_of_isTrivial SnakeLean.isTrivial_op SnakeLean.strictOp SnakeLean.isEquiv1_of_op SnakeLean.isStrongOp SnakeLean.bizeroOp SnakeLean.isNormalEpi_of_op
SnakeLean.isHSD_of_dpn	SnakeLean.DPN SnakeLean.IsStrong SnakeLean.IsHSD SnakeLean.HasBizero SnakeLean.TwoZExact	SnakeLean.IsTwoKernel SnakeLean.IsZeroAntinormal.isNormalEpi SnakeLean.IsNormal SnakeLean.IsTwoCokernel SnakeLean.DPN.isNormal_comp_iff SnakeLean.IsZeroAntinormal SnakeLean.IsZeroAntinormal.isEssNull_comp SnakeLean.isNormal_of_isEssNull SnakeLean.IsZeroAntinormal.isNormalMono
SnakeLean.isTwoEpi_twoCokernel	SnakeLean.HasTwoCokernel SnakeLean.twoCokernelObj SnakeLean.HasBizero SnakeLean.IsTwoEpi SnakeLean.twoCokernel	SnakeLean.isTwoCokernel_twoCokernel SnakeLean.IsTwoCokernel.isTwoEpi
SnakeLean.HasBizero.of_isBizero	SnakeLean.IsBizero SnakeLean.HasBizero	SnakeLean.HasBizero.mk
SnakeLean.IsTwoKernel.rec	SnakeLean.IsEssNull SnakeLean.IsTwoKernel.mk SnakeLean.IsTwoKernel SnakeLean.HasBizero SnakeLean.IsTwoMono	
SnakeLean.not_dpn_supAll	SnakeLean.DPN SnakeLean.zeroSup SnakeLean.bicategorySup SnakeLean.SupOf SnakeLean.hasBizeroSup SnakeLean.allClass	SnakeLean.SupOf.completeLattice SnakeLean.SupOf.carrier SnakeLean.dpn_iff_forall_transpositionSymmetric SnakeLean.pentagonSup SnakeLean.Pentagon.not_transpositionSymmetric SnakeLean.TranspositionSymmetric
SnakeLean.isEssNull_img_comp_coim	SnakeLean.IsEssNull SnakeLean.IsStrong SnakeLean.HasBizero SnakeLean.IsTwoMono SnakeLean.IsTwoEpi	SnakeLean.IsEssNull.of_iso SnakeLean.IsEssNull.of_comp_isTwoMono SnakeLean.IsEssNull.of_comp_isTwoEpi
SnakeLean.imageFactorisation_unique	SnakeLean.IsNormalMono SnakeLean.IsStrong SnakeLean.IsNormalEpi SnakeLean.IsTwoKernel SnakeLean.HasBizero SnakeLean.IsTwoMono SnakeLean.IsTwoEpi SnakeLean.IsEquiv1	SnakeLean.IsEssNull.of_iso SnakeLean.IsEssNull SnakeLean.IsTwoEpi.preimageIso SnakeLean.isTwoEpi_of_comp SnakeLean.IsEssNull.of_comp_isTwoMono SnakeLean.IsTwoKernel.of_iso SnakeLean.isEquiv1_of_isNormalMono SnakeLean.isTwoKernel_comp_isTwoMono_iff SnakeLean.IsTwoCokernel SnakeLean.IsTwoEpi.toIsCofaithful₁ SnakeLean.IsTwoCokernel.fac SnakeLean.IsTwoCokernel.isTwoEpi SnakeLean.IsTwoKernel.isTwoMono SnakeLean.IsTwoCokernel.of_isTwoKernel SnakeLean.IsNormalMono.of_comp SnakeLean.IsTwoKernel.isEssNull_comp
SnakeLean.AbCatHom.mk.sizeOf_spec	SnakeLean.AbCatOf.category SnakeLean.AbCatClass SnakeLean.AbCatOf.carrier SnakeLean.AbCatHom.mk SnakeLean.AbCatOf SnakeLean.AbCatHom SnakeLean.AbCatOf.abelian	
SnakeLean.IsFaithful₁.faithful	SnakeLean.IsFaithful₁	
SnakeLean.AbCatHom.preservesFiniteColimits	SnakeLean.AbCatOf.category SnakeLean.AbCatClass SnakeLean.AbCatOf.carrier SnakeLean.AbCatHom.functor SnakeLean.AbCatOf SnakeLean.AbCatHom	
SnakeLean.SnakeTop.iBar	SnakeLean.HasBizero SnakeLean.SnakeTop.I SnakeLean.SnakeTop	
CategoryTheory.ObjectProperty.serreSaturation_of_twoStepKS	CategoryTheory.ObjectProperty.TwoStepKS CategoryTheory.ObjectProperty.serreSaturation	
SnakeLean.instPreservesFiniteLimitsZeroCat	SnakeLean.ZeroCat SnakeLean.ZeroCat.category	SnakeLean.instPreservesLimitsOfShapeZeroCat
SnakeLean.IsTotallyNormalEpi.rec	SnakeLean.IsTotallyNormalEpi SnakeLean.IsNormalEpi SnakeLean.HasBizero SnakeLean.IsTotallyNormalEpi.mk	
SnakeLean.precompIdIso		
SnakeLean.SupOf.mem	SnakeLean.SupOf.completeLattice SnakeLean.SupOf SnakeLean.SupOf.carrier SnakeLean.LatticeClass SnakeLean.LatticeClass.Mem	
SnakeLean.isSES_op_iff	SnakeLean.HasBizero SnakeLean.bizeroOp SnakeLean.IsSES	SnakeLean.isSES_op SnakeLean.isSES_of_op
CategoryTheory.ObjectProperty.le_serreJoin_left	CategoryTheory.ObjectProperty.serreJoin	
SnakeLean.IsStrong.rec	SnakeLean.IsStrong SnakeLean.IsStrong.mk SnakeLean.IsNull	
SnakeLean.SnakeHalf.I	SnakeLean.HasBizero SnakeLean.SnakeHalf	
SnakeLean.isPureSnake_locallyDiscrete	SnakeLean.IsPureSnake SnakeLean.hasBizeroLD SnakeLean.zeroLD	SnakeLean.twoDiExact_locallyDiscrete SnakeLean.isPureSnake_of_twoDiExact SnakeLean.isStrongLD
SnakeLean.cosquareIso		
SnakeLean.ZeroCat.isZero	SnakeLean.ZeroCat SnakeLean.ZeroCat.category	SnakeLean.ZeroCat.instSubsingletonHom
SnakeLean.SnakeHalf.hqi	SnakeLean.SnakeHalf.Q SnakeLean.HasBizero SnakeLean.SnakeHalf SnakeLean.IsTwoCokernel SnakeLean.SnakeHalf.I SnakeLean.SnakeHalf.i SnakeLean.SnakeHalf.qi	
SnakeLean.SnakeHalf.KT	SnakeLean.HasBizero SnakeLean.SnakeHalf	
SnakeLean.MorphismPure.rec	SnakeLean.MorphismPure SnakeLean.MorphismPure.mk	
SnakeLean.twoZExactOp	SnakeLean.HasBizero SnakeLean.TwoZExact SnakeLean.bizeroOp	SnakeLean.isTwoKernel_op SnakeLean.HasTwoCokernel.mk SnakeLean.isTwoCokernel_twoCokernel SnakeLean.IsTwoKernel SnakeLean.twoCokernelObj SnakeLean.TwoZExact.mk SnakeLean.isTwoKernel_twoKernel SnakeLean.HasTwoKernel.mk SnakeLean.IsTwoCokernel SnakeLean.TwoZExact.toHasTwoKernel SnakeLean.twoKernelObj SnakeLean.TwoZExact.toHasTwoCokernel SnakeLean.twoCokernel SnakeLean.twoKernel SnakeLean.isTwoCokernel_op
CategoryTheory.ObjectProperty.instIsClosedUnderExtensionsInverseImage_snakeLean		
SnakeLean.ZeroCat		
CategoryTheory.ObjectProperty.HasNonzeroSub		
SnakeLean.IsNull.iso_ext	SnakeLean.IsStrong SnakeLean.IsNull	SnakeLean.IsNull.eq_of_isIso
CategoryTheory.ObjectProperty.instPreservesLimitsOfShapeFullSubcategoryWalkingParallelPairι_snakeLean		CategoryTheory.ObjectProperty.isClosedUnderEqualizers_of_isSerreClass
SnakeLean.IsTwoKernel.casesOn	SnakeLean.IsEssNull SnakeLean.IsTwoKernel.mk SnakeLean.IsTwoKernel SnakeLean.HasBizero SnakeLean.IsTwoMono	SnakeLean.IsTwoKernel.rec
SnakeLean.instPreservesLimitsOfShapeZeroCatFromZeroFunctor	SnakeLean.ZeroCat SnakeLean.ZeroCat.category SnakeLean.fromZeroFunctor	SnakeLean.instPreservesLimitZeroCatFromZeroFunctor
SnakeLean.normalEpiCompOp	SnakeLean.NormalEpiComp SnakeLean.NormalMonoComp SnakeLean.HasBizero SnakeLean.bizeroOp	SnakeLean.isNormalEpi_op SnakeLean.IsNormalEpi SnakeLean.isNormalMono_of_op SnakeLean.NormalEpiComp.mk SnakeLean.NormalMonoComp.isNormalMono_comp
SnakeLean.isNormal_ke_comp_b	SnakeLean.DPN SnakeLean.NormalEpiComp SnakeLean.IsStrong SnakeLean.IsTwoKernel SnakeLean.HasBizero SnakeLean.IsNormal SnakeLean.IsTwoCokernel SnakeLean.TwoZExact SnakeLean.IsSES	SnakeLean.IsSES.isTwoCokernel SnakeLean.IsSES.isTwoKernel SnakeLean.IsEssNull.of_iso SnakeLean.IsEssNull.comp SnakeLean.IsZeroAntinormal.mk SnakeLean.IsTwoCokernel.isEssNull_comp SnakeLean.isNormalEpi_comp_coim SnakeLean.isHSD_of_dpn
SnakeLean.isPureSnake_modSup	SnakeLean.modularClass SnakeLean.zeroSup SnakeLean.IsPureSnake SnakeLean.bicategorySup SnakeLean.SupOf SnakeLean.hasBizeroSup	SnakeLean.isStrongSup SnakeLean.twoDiExactModSup SnakeLean.isPureSnake_of_twoDiExact SnakeLean.strictSup
SnakeLean.isPureSnake_of_isHSD	SnakeLean.IsStrong SnakeLean.IsPureSnake SnakeLean.IsHSD SnakeLean.HasBizero	SnakeLean.IsSES.isTwoCokernel SnakeLean.IsSES.isTwoKernel SnakeLean.isTwoCokernel_dinversion_of_ladder SnakeLean.isPureSnake_of_isHSD.match_1_5 SnakeLean.isPureSnake_of_isHSD.match_1_3 SnakeLean.IsTwoKernel SnakeLean.isZeroAntinormal_of_ladder SnakeLean.isNormal_iff_isEquiv1_comparison SnakeLean.IsNormal SnakeLean.IsTwoCokernel SnakeLean.isPureSnake_of_isHSD.match_1_1 SnakeLean.isTwoKernel_dinversion_of_ladder SnakeLean.IsSES SnakeLean.IsEquiv1
SnakeLean.transposes_of_isModularLattice	SnakeLean.Transposes	SnakeLean.dualModularPair_of_isModularLattice SnakeLean.ModularPair SnakeLean.DualModularPair SnakeLean.modularPair_of_isModularLattice SnakeLean.transposes_iff
SnakeLean.isEquiv1_of_factor	SnakeLean.IsTwoMono SnakeLean.IsEquiv1	SnakeLean.IsTwoMono.preimageIso
CategoryTheory.ObjectProperty.instIsClosedUnderSubobjectsModuleCatAnnBy	CategoryTheory.ObjectProperty.annBy	
SnakeLean.reflectsNull_op	SnakeLean.CoreflectsNull SnakeLean.ReflectsNull	SnakeLean.IsEssNull SnakeLean.isEssNull_op SnakeLean.isEssNull_of_op
SnakeLean.IsTotallyNormalEpi.total	SnakeLean.IsTotallyNormalEpi SnakeLean.IsNormalEpi SnakeLean.HasBizero	
SnakeLean.IsTwoKernel.of_isTwoCokernel	SnakeLean.IsStrong SnakeLean.IsTwoKernel SnakeLean.HasBizero SnakeLean.IsTwoCokernel	SnakeLean.isTwoKernel_op SnakeLean.isTwoKernel_of_op SnakeLean.strictOp SnakeLean.isStrongOp SnakeLean.bizeroOp SnakeLean.IsTwoCokernel.of_isTwoKernel SnakeLean.isTwoCokernel_op
SnakeLean.IsCofaithful₁.rec	SnakeLean.IsCofaithful₁.mk SnakeLean.IsCofaithful₁	
SnakeLean.SnakeHalf	SnakeLean.HasBizero	
SnakeLean.Pentagon.recOn	SnakeLean.Pentagon.y SnakeLean.Pentagon.bot SnakeLean.Pentagon.z SnakeLean.Pentagon SnakeLean.Pentagon.x SnakeLean.Pentagon.top	SnakeLean.Pentagon.rec
SnakeLean.isTwoCokernel_upProj	SnakeLean.zeroSup SnakeLean.SupOf.completeLattice SnakeLean.bicategorySup SnakeLean.upSeg SnakeLean.SupOf SnakeLean.IsTwoCokernel SnakeLean.SupOf.carrier SnakeLean.categoryStructSup SnakeLean.hasBizeroSup SnakeLean.upProj SnakeLean.LatticeClass SnakeLean.instFunLikeHom	SnakeLean.IsTwoCokernel.mk SnakeLean.IsEssNull SnakeLean.isTwoEpi_upProj SnakeLean.upRestrict SnakeLean.isEssNull_iff_forall SnakeLean.instSSupHomClassHom
SnakeLean.nsfl_isNormalMono'	SnakeLean.IsNormalMono SnakeLean.IsStrong SnakeLean.HasBizero SnakeLean.IsNormal SnakeLean.IsTwoMono SnakeLean.HasTwoKernel SnakeLean.MorphismSES SnakeLean.MorphismSES.f SnakeLean.MorphismSES.h SnakeLean.MorphismSES.g SnakeLean.IsSES	SnakeLean.IsSES.isTwoKernel SnakeLean.isTwoKernel_twoKernel SnakeLean.nsfl_isNormalMono SnakeLean.twoKernelObj SnakeLean.twoKernel
SnakeLean.isHSD_of_isPureSnake	SnakeLean.IsStrong SnakeLean.IsPureSnake SnakeLean.IsHSD SnakeLean.HasBizero SnakeLean.TwoZExact	SnakeLean.exists_comparison SnakeLean.IsTwoKernel.fac SnakeLean.isTwoCokernel_dinversion_of_ladder SnakeLean.isTwoCokernel_twoCokernel SnakeLean.IsTwoKernel SnakeLean.IsZeroAntinormal.isTwoCokernel_of_isTwoKernel SnakeLean.twoCokernelObj SnakeLean.isNormal_iff_isEquiv1_comparison SnakeLean.IsNormal SnakeLean.isTwoKernel_twoKernel SnakeLean.IsTwoCokernel SnakeLean.TwoZExact.toHasTwoKernel SnakeLean.twoKernelObj SnakeLean.TwoZExact.toHasTwoCokernel SnakeLean.IsTwoCokernel.fac SnakeLean.twoCokernel SnakeLean.IsZeroAntinormal SnakeLean.IsSES.mk SnakeLean.twoKernel SnakeLean.isTwoKernel_dinversion_of_ladder SnakeLean.IsSES SnakeLean.IsZeroAntinormal.isTwoKernel_of_isTwoCokernel SnakeLean.IsZeroAntinormal.isEssNull_comp SnakeLean.IsEquiv1
SnakeLean.IsTwoCokernel.of_isTwoKernel	SnakeLean.IsStrong SnakeLean.IsTwoKernel SnakeLean.HasBizero SnakeLean.IsTwoCokernel	SnakeLean.IsTwoCokernel.mk SnakeLean.IsEssNull.of_iso SnakeLean.IsEssNull SnakeLean.IsEssNull.comp_left SnakeLean.IsTwoKernel.fac SnakeLean.IsTwoCokernel.isEssNull_comp SnakeLean.IsTwoCokernel.fac SnakeLean.IsTwoCokernel.isTwoEpi SnakeLean.IsTwoKernel.isEssNull_comp
SnakeLean.IsBipushout.recOn	SnakeLean.cosquareIso SnakeLean.IsBipushout.mk SnakeLean.IsBipushout	SnakeLean.IsBipushout.rec
SnakeLean.isAntinormal_op_iff	SnakeLean.HasBizero SnakeLean.IsAntinormal SnakeLean.bizeroOp	SnakeLean.isAntinormal_op SnakeLean.isAntinormal_of_op
SnakeLean.MorphismSES.noConfusionType	SnakeLean.MorphismSES	SnakeLean.MorphismSES.casesOn
SnakeLean.nsfl_isEquiv1	SnakeLean.IsStrong SnakeLean.IsTwoKernel SnakeLean.HasBizero SnakeLean.IsNormal SnakeLean.MorphismSES SnakeLean.IsTwoCokernel SnakeLean.MorphismSES.f SnakeLean.MorphismSES.h SnakeLean.MorphismSES.g SnakeLean.IsEquiv1	SnakeLean.IsNormalMono SnakeLean.IsEquiv1.isTwoMono SnakeLean.nsfl_isNormalEpi SnakeLean.IsEquiv1.isTwoEpi SnakeLean.IsNormalEpi SnakeLean.isEquiv1_of_isNormalMono SnakeLean.nsfl_isNormalMono SnakeLean.IsTwoCokernel.isTwoEpi
TwoVertex.pa.eq_1	TwoVertex.lam TwoVertex.pa	
SnakeLean.IsNormal.of_iso.match_1_1	SnakeLean.IsNormalMono SnakeLean.IsNormalEpi SnakeLean.HasBizero SnakeLean.IsNormal	
SnakeLean.IsCofaithful₁		
SnakeLean.naturalComparisonPasting₂	SnakeLean.MorphismPure SnakeLean.HasBizero SnakeLean.MorphismPure.πC SnakeLean.PureSnakeComparison.j SnakeLean.PureSnakeComparison	SnakeLean.PureSnakeComparison.θ
SnakeLean.TwoZExact.casesOn	SnakeLean.HasTwoCokernel SnakeLean.HasBizero SnakeLean.TwoZExact.mk SnakeLean.HasTwoKernel SnakeLean.TwoZExact	SnakeLean.TwoZExact.rec
TwoVertex.serreSaturation_KK_SS	TwoVertex.lam TwoVertex.SS TwoVertex.instIsSerreClassModuleCatSubtypeMatrixFinOfNatNatMemSubalgebraLamKK CategoryTheory.ObjectProperty.serreSaturation TwoVertex.KK	TwoVertex.spanD TwoVertex.KK_isoModSerre_spanF TwoVertex.spanG TwoVertex.spanF TwoVertex.spanA TwoVertex.KK_isoModSerre_spanG TwoVertex.SS_spanA
SnakeLean.kerElt_upProj	SnakeLean.upSeg SnakeLean.SupOf SnakeLean.SupOf.carrier SnakeLean.kerElt SnakeLean.upProj SnakeLean.LatticeClass	SnakeLean.SupOf.completeLattice SnakeLean.kerElt.eq_1 SnakeLean.upProj_apply SnakeLean.categoryStructSup SnakeLean.instFunLikeHom
SnakeLean.PureSnakeComparison.mk.injEq	SnakeLean.PureSnakeComparison.mk SnakeLean.HasBizero SnakeLean.PureSnakeComparison SnakeLean.IsEquiv1	SnakeLean.PureSnakeComparison.mk.noConfusion
SnakeLean.snake_isExactAt_twoKerG	SnakeLean.IsStrong SnakeLean.IsTwoKernel SnakeLean.HasBizero SnakeLean.IsTwoMono SnakeLean.MorphismSES SnakeLean.IsExactAt SnakeLean.MorphismSES.f SnakeLean.MorphismSES.h SnakeLean.MorphismSES.g SnakeLean.IsSES	SnakeLean.isEquiv1_id SnakeLean.IsNormalEpi SnakeLean.snake_isTwoKernel_barA SnakeLean.IsEquiv1.isNormalEpi
SnakeLean.SnakeTop.θ	SnakeLean.HasBizero SnakeLean.SnakeTop.r SnakeLean.SnakeTop.i SnakeLean.SnakeTop.I SnakeLean.SnakeTop	
SnakeLean.PureSnakeComparison.mk.sizeOf_spec	SnakeLean.PureSnakeComparison.mk SnakeLean.HasBizero SnakeLean.PureSnakeComparison SnakeLean.IsEquiv1	
SnakeLean.preservesColimitsOfShape_toZeroCat	SnakeLean.ZeroCat SnakeLean.ZeroCat.category	SnakeLean.ZeroCat.instSubsingletonHom
SnakeLean.twoCokernel	SnakeLean.HasTwoCokernel SnakeLean.twoCokernelObj SnakeLean.HasBizero	SnakeLean.HasTwoCokernel.exists_isTwoCokernel SnakeLean.IsTwoCokernel
SnakeLean.MorphismSES.φK	SnakeLean.MorphismSES SnakeLean.MorphismSES.f SnakeLean.MorphismSES.g	
SnakeLean.SupOf.mk.inj	SnakeLean.SupOf SnakeLean.SupOf.mk SnakeLean.LatticeClass SnakeLean.LatticeClass.Mem	SnakeLean.SupOf.mk.noConfusion
SnakeLean.twoZExact_locallyDiscrete	SnakeLean.hasBizeroLD SnakeLean.TwoZExact SnakeLean.zeroLD	SnakeLean.HasTwoCokernel.mk SnakeLean.isTwoCokernel_of_desc SnakeLean.IsTwoKernel SnakeLean.TwoZExact.mk SnakeLean.HasTwoKernel.mk SnakeLean.isTwoKernel_of_lift SnakeLean.IsTwoCokernel
SnakeLean.MorphismPure.mk.noConfusion	SnakeLean.MorphismPure SnakeLean.MorphismPure.mk	SnakeLean.MorphismPure.noConfusion
SnakeLean.AbCatHom.mk	SnakeLean.AbCatOf.category SnakeLean.AbCatClass SnakeLean.AbCatOf.carrier SnakeLean.AbCatOf SnakeLean.AbCatHom SnakeLean.AbCatOf.abelian	
SnakeLean.isTwoCokernel_isTwoEpi_comp_iff	SnakeLean.IsStrong SnakeLean.HasBizero SnakeLean.IsTwoEpi SnakeLean.IsTwoCokernel	SnakeLean.isTwoMono_op SnakeLean.IsTwoKernel SnakeLean.strictOp SnakeLean.isTwoKernel_op_iff SnakeLean.isStrongOp SnakeLean.isTwoKernel_comp_isTwoMono_iff SnakeLean.bizeroOp
SnakeLean.postcompMapIso		
CategoryTheory.ObjectProperty.prop_of_linearEquiv		
SnakeLean.MorphismPure.casesOn	SnakeLean.MorphismPure SnakeLean.MorphismPure.mk	SnakeLean.MorphismPure.rec
SnakeLean.IsZeroAntinormal.isTwoCokernel_iff_isEssNull_dinversion	SnakeLean.IsEssNull SnakeLean.IsStrong SnakeLean.IsTwoKernel SnakeLean.HasBizero SnakeLean.IsTwoCokernel SnakeLean.IsZeroAntinormal	SnakeLean.isTwoKernel_op SnakeLean.isZeroAntinormal_op SnakeLean.strictOp SnakeLean.IsZeroAntinormal.isTwoKernel_iff_isEssNull_dinversion SnakeLean.isEssNull_op_iff SnakeLean.isTwoKernel_op_iff SnakeLean.isStrongOp SnakeLean.bizeroOp SnakeLean.isTwoCokernel_op
SnakeLean.IsTotallyNormalMono.casesOn	SnakeLean.IsNormalMono SnakeLean.IsTotallyNormalMono.mk SnakeLean.HasBizero SnakeLean.IsTotallyNormalMono	SnakeLean.IsTotallyNormalMono.rec
SnakeLean.IsTwoCokernel.mk	SnakeLean.IsEssNull SnakeLean.HasBizero SnakeLean.IsTwoEpi SnakeLean.IsTwoCokernel	
SnakeLean.IsZeroAntinormal.recOn	SnakeLean.IsNormalMono SnakeLean.IsEssNull SnakeLean.IsNormalEpi SnakeLean.HasBizero SnakeLean.IsZeroAntinormal.mk SnakeLean.IsZeroAntinormal	SnakeLean.IsZeroAntinormal.rec
SnakeLean.IsNormalMono.isNormal	SnakeLean.IsNormalMono SnakeLean.IsStrong SnakeLean.HasBizero SnakeLean.IsNormal	SnakeLean.isEquiv1_id SnakeLean.IsNormalEpi SnakeLean.IsEquiv1.isNormalEpi
SnakeLean.LatticeClass.ctorIdx	SnakeLean.LatticeClass	
SnakeLean.isNull_op_iff	SnakeLean.IsNull	SnakeLean.isNull_of_op SnakeLean.isNull_op
SnakeLean.transposes_toDual	SnakeLean.Transposes	SnakeLean.ModularPair SnakeLean.modularPair_iff_toDual SnakeLean.DualModularPair SnakeLean.dualModularPair_iff_toDual SnakeLean.transposes_iff
SnakeLean.SnakeHalf.Q	SnakeLean.HasBizero SnakeLean.SnakeHalf	
CategoryTheory.condSAT_of_isSerreQuotient	CategoryTheory.IsSerreQuotient CategoryTheory.ObjectProperty.CondSAT	CategoryTheory.ObjectProperty.serreSaturation_le_serreJoin CategoryTheory.ObjectProperty.isSerreClass_inverseImage CategoryTheory.IsSerreQuotient.isZero_map_of_prop CategoryTheory.ObjectProperty.serre_le_serreSaturation CategoryTheory.ObjectProperty.serreJoin CategoryTheory.ObjectProperty.serreSaturation CategoryTheory.ObjectProperty.isSerreClass_serreSaturation_iff CategoryTheory.IsSerreQuotient.isSerreClass_map CategoryTheory.ObjectProperty.serreJoin_le CategoryTheory.ObjectProperty.le_serreSaturation CategoryTheory.IsSerreQuotient.essSurj CategoryTheory.ObjectProperty.serreSaturation_of_iso
SnakeLean.IsTwoMono.reflectsNull	SnakeLean.IsStrong SnakeLean.HasBizero SnakeLean.IsTwoMono SnakeLean.ReflectsNull	SnakeLean.IsEssNull SnakeLean.IsEssNull.of_comp_isTwoMono
SnakeLean.transpositionSymmetric_of_dpn	SnakeLean.DPN SnakeLean.zeroSup SnakeLean.SupOf.completeLattice SnakeLean.bicategorySup SnakeLean.SupOf SnakeLean.SupOf.carrier SnakeLean.hasBizeroSup SnakeLean.LatticeClass SnakeLean.TranspositionSymmetric	SnakeLean.IsTwoKernel SnakeLean.Transposes SnakeLean.isTwoKernel_upProj_segIncl SnakeLean.seg SnakeLean.isTwoCokernel_segIncl_upProj SnakeLean.isNormal_segIncl_comp_upProj_iff SnakeLean.IsNormal SnakeLean.upSeg SnakeLean.segIncl SnakeLean.IsTwoCokernel SnakeLean.DPN.isNormal_comp_iff SnakeLean.categoryStructSup SnakeLean.upProj
SnakeLean.isTwoCokernel_imgMap	SnakeLean.IsStrong SnakeLean.HasBizero SnakeLean.IsTwoEpi SnakeLean.IsTwoCokernel	SnakeLean.IsTwoEpi.comp SnakeLean.IsTwoCokernel.mk SnakeLean.IsEssNull.of_iso SnakeLean.IsEssNull SnakeLean.IsEssNull.comp_left SnakeLean.IsTwoEpi.preimageIso SnakeLean.isTwoEpi_of_comp SnakeLean.IsEssNull.comp SnakeLean.IsEssNull.of_comp_isTwoEpi SnakeLean.IsTwoCokernel.isEssNull_comp SnakeLean.IsTwoEpi.toIsCofaithful₁ SnakeLean.IsTwoCokernel.fac SnakeLean.IsTwoCokernel.isTwoEpi
SnakeLean.IsTotallyNormalMono.mk	SnakeLean.IsNormalMono SnakeLean.HasBizero SnakeLean.IsTotallyNormalMono	
SnakeLean.IsSES.rec	SnakeLean.IsTwoKernel SnakeLean.HasBizero SnakeLean.IsTwoCokernel SnakeLean.IsSES.mk SnakeLean.IsSES	
SnakeLean.IsEquiv1.comp	SnakeLean.IsEquiv1	
CategoryTheory.ObjectProperty.isClosedUnderFiniteProducts_of_isSerreClass		CategoryTheory.ObjectProperty.isClosedUnderBinaryProducts_of_isSerreClass
SnakeLean.isHSD_op_iff	SnakeLean.IsHSD SnakeLean.HasBizero SnakeLean.bizeroOp	SnakeLean.isHSD_of_op SnakeLean.isHSD_op
SnakeLean.IsTwoMono.full	SnakeLean.IsTwoMono	
SnakeLean.Pentagon.instLE	SnakeLean.Pentagon	SnakeLean.Pentagon.le
TwoVertex.spanG	TwoVertex.lam TwoVertex.spanD	TwoVertex.nTwo
SnakeLean.IsCofaithful₁.faithful	SnakeLean.IsCofaithful₁	
SnakeLean.AbCatHom.preservesFiniteLimits	SnakeLean.AbCatOf.category SnakeLean.AbCatClass SnakeLean.AbCatOf.carrier SnakeLean.AbCatHom.functor SnakeLean.AbCatOf SnakeLean.AbCatHom	
SnakeLean.IsEquiv1.nonempty_inv_comp	SnakeLean.IsEquiv1.inv SnakeLean.IsEquiv1	
SnakeLean.exists_kerMap	SnakeLean.IsStrong SnakeLean.IsTwoKernel SnakeLean.HasBizero	SnakeLean.IsEssNull.of_iso SnakeLean.IsTwoKernel.fac SnakeLean.IsEssNull.comp SnakeLean.IsTwoKernel.isEssNull_comp
SnakeLean.transposeIso	SnakeLean.SupOf.completeLattice SnakeLean.Transposes SnakeLean.seg SnakeLean.upSeg SnakeLean.SupOf SnakeLean.SupOf.carrier SnakeLean.LatticeClass	
SnakeLean.MorphismSES.mk.noConfusion	SnakeLean.MorphismSES SnakeLean.MorphismSES.mk	SnakeLean.MorphismSES.noConfusion
SnakeLean.SnakeTop.exists_t'	SnakeLean.IsStrong SnakeLean.HasBizero SnakeLean.SnakeTop.i SnakeLean.SnakeTop.I SnakeLean.SnakeTop SnakeLean.IsTwoCokernel	SnakeLean.SnakeTop.θi SnakeLean.IsEssNull.of_iso SnakeLean.IsEssNull.comp_left SnakeLean.IsTwoCokernel.isEssNull_comp SnakeLean.IsTwoCokernel.fac SnakeLean.SnakeTop.iBar
CategoryTheory.ObjectProperty.serreJoin		
SnakeLean.IsTwoKernel.of_iso_right.match_1_1		
SnakeLean.natural_comparison	SnakeLean.MorphismPure SnakeLean.MorphismPure.πX SnakeLean.HasBizero SnakeLean.MorphismPure.πC SnakeLean.PureSnakeComparison.j SnakeLean.IsTwoMono SnakeLean.IsTwoEpi SnakeLean.PureSnakeComparison	SnakeLean.naturalComparisonIso
SnakeLean.AbCatOf.casesOn	SnakeLean.AbCatClass SnakeLean.AbCatClass.Mem SnakeLean.AbCatOf.mk SnakeLean.AbCatOf	SnakeLean.AbCatOf.rec
CategoryTheory.ObjectProperty.exists_maximalSerreSub		
SnakeLean.IsFaithful₁.mk	SnakeLean.IsFaithful₁	
SnakeLean.IsTwoEpi.recOn	SnakeLean.IsTwoEpi.mk SnakeLean.IsTwoEpi	SnakeLean.IsTwoEpi.rec
SnakeLean.MorphismPure.mk	SnakeLean.MorphismPure	
SnakeLean.isStrong_locallyDiscrete	SnakeLean.IsStrong	SnakeLean.IsStrong.mk SnakeLean.eq_of_isNull_locallyDiscrete SnakeLean.IsNull
SnakeLean.twoImg	SnakeLean.HasBizero SnakeLean.twoImgObj SnakeLean.TwoZExact	SnakeLean.twoCokernelObj SnakeLean.TwoZExact.toHasTwoCokernel SnakeLean.twoCokernel SnakeLean.twoKernel
SnakeLean.AbCatOf.noConfusion	SnakeLean.AbCatOf.noConfusionType SnakeLean.AbCatClass SnakeLean.AbCatOf	SnakeLean.AbCatClass.Mem SnakeLean.AbCatOf.casesOn
CategoryTheory.ObjectProperty.instContainsZeroSerreJoin	CategoryTheory.ObjectProperty.serreJoin	
SnakeLean.transposes_iff_bijective	SnakeLean.Transposes SnakeLean.transposeMap	SnakeLean.transposeInv SnakeLean.transposeMap_transposeInv SnakeLean.transpose_gc SnakeLean.transposeInv_transposeMap
SnakeLean.natural_comparison_whisker	SnakeLean.naturalComparisonPasting₂ SnakeLean.MorphismPure SnakeLean.MorphismPure.πX SnakeLean.HasBizero SnakeLean.MorphismPure.πC SnakeLean.PureSnakeComparison.j SnakeLean.naturalComparisonPasting₁ SnakeLean.IsTwoMono SnakeLean.IsTwoEpi SnakeLean.PureSnakeComparison SnakeLean.naturalComparisonIso	SnakeLean.IsTwoMono.faithful SnakeLean.IsTwoEpi.preimageIso SnakeLean.IsTwoEpi.full SnakeLean.IsTwoMono.full SnakeLean.IsTwoEpi.faithful SnakeLean.IsTwoMono.preimageIso
SnakeLean.isHSD_modSup	SnakeLean.modularClass SnakeLean.zeroSup SnakeLean.IsHSD SnakeLean.bicategorySup SnakeLean.SupOf SnakeLean.hasBizeroSup	SnakeLean.twoDiExactModSup SnakeLean.isHSD_of_twoDiExact
SnakeLean.IsSES.isTwoCokernel	SnakeLean.HasBizero SnakeLean.IsTwoCokernel SnakeLean.IsSES	
SnakeLean.exists_snakeGeneral_of_special	SnakeLean.IsNormalMono SnakeLean.IsStrong SnakeLean.IsHSD SnakeLean.IsNormalEpi SnakeLean.IsTwoKernel SnakeLean.HasBizero SnakeLean.SnakeSpecial SnakeLean.IsNormal SnakeLean.MorphismSES SnakeLean.IsExactAt SnakeLean.IsTwoCokernel SnakeLean.MorphismSES.f SnakeLean.TwoZExact SnakeLean.MorphismSES.h SnakeLean.MorphismSES.g	SnakeLean.IsEssNull.of_iso SnakeLean.isTwoKernel_op SnakeLean.isNormalEpi_op SnakeLean.isSES_of_isTwoCokernel SnakeLean.IsTwoKernel.fac SnakeLean.isSES_of_isTwoKernel SnakeLean.isTwoCokernel_twoCokernel SnakeLean.isExactAt_left_of_shape SnakeLean.MorphismSES.φK SnakeLean.IsTwoCokernel.of_iso SnakeLean.isNormalMono_of_op SnakeLean.isTwoMono_op SnakeLean.isHSD_op SnakeLean.IsTwoEpi.preimageIso SnakeLean.snake_isTwoCokernel_barD SnakeLean.snake_isTwoKernel_barA SnakeLean.isTwoCokernel_isTwoEpi_comp_iff SnakeLean.twoCokernelObj SnakeLean.isNormalEpi_kerComparison SnakeLean.strictOp SnakeLean.isTwoCokernel_coim SnakeLean.IsTwoKernel.of_iso SnakeLean.IsNormalEpi.isTwoEpi SnakeLean.isTwoKernel_twoKernel SnakeLean.isStrongOp SnakeLean.isTwoKernel_comp_isTwoMono_iff SnakeLean.TwoZExact.toHasTwoKernel SnakeLean.exists_kerRestriction SnakeLean.twoKernelObj SnakeLean.TwoZExact.toHasTwoCokernel SnakeLean.IsTwoCokernel.isEssNull_comp SnakeLean.bizeroOp SnakeLean.IsTwoCokernel.fac SnakeLean.isExactAt_right_of_shape SnakeLean.IsTwoCokernel.isTwoEpi SnakeLean.IsTwoKernel.isTwoMono SnakeLean.twoCokernel SnakeLean.exists_cokMap SnakeLean.IsTwoKernel.of_isTwoCokernel SnakeLean.twoKernel SnakeLean.IsNormalMono.isTwoMono SnakeLean.exists_kerMap SnakeLean.IsTwoCokernel.of_isTwoKernel SnakeLean.MorphismSES.mk SnakeLean.IsSES SnakeLean.exists_restriction SnakeLean.exactness_tfae SnakeLean.isTwoCokernel_op SnakeLean.IsTwoMono.preimageIso SnakeLean.IsTwoKernel.isEssNull_comp SnakeLean.IsEquiv1 SnakeLean.isTwoKernel_img SnakeLean.MorphismSES.φQ
SnakeLean.isNormal_op_iff	SnakeLean.HasBizero SnakeLean.IsNormal SnakeLean.bizeroOp	SnakeLean.isNormal_of_op SnakeLean.isNormal_op
SnakeLean.isTwoMono_id	SnakeLean.IsTwoMono	SnakeLean.postcompIdIso SnakeLean.IsTwoMono.mk
SnakeLean.isNormalMono_op	SnakeLean.IsNormalMono SnakeLean.IsNormalEpi SnakeLean.HasBizero SnakeLean.bizeroOp	SnakeLean.isTwoKernel_op SnakeLean.IsTwoKernel SnakeLean.IsTwoCokernel
SnakeLean.LatticeClass.noConfusionType	SnakeLean.LatticeClass	SnakeLean.iciCompleteLattice SnakeLean.LatticeClass.casesOn
SnakeLean.zeroAbCatOf	SnakeLean.AbCatClass SnakeLean.AbCatOf	SnakeLean.ZeroCat SnakeLean.AbCatClass.mem_zeroCat SnakeLean.ZeroCat.category SnakeLean.AbCatOf.mk SnakeLean.ZeroCat.instAbelian
CategoryTheory.ObjectProperty.instIsClosedUnderSubobjectsSerreJoin	CategoryTheory.ObjectProperty.serreJoin	
CategoryTheory.IsSubquotient.trans	CategoryTheory.IsSubquotient	CategoryTheory.exists_mono_epi_of_epi_mono
SnakeLean.NormalChainComplex.mk	SnakeLean.IsEssNull SnakeLean.HasBizero SnakeLean.IsNormal SnakeLean.NormalChainComplex	
SnakeLean.IsTwoEpi.casesOn	SnakeLean.IsTwoEpi.mk SnakeLean.IsTwoEpi	SnakeLean.IsTwoEpi.rec
CategoryTheory.ObjectProperty.preservesFiniteLimits_ι		CategoryTheory.ObjectProperty.instHasEqualizersFullSubcategory_snakeLean CategoryTheory.ObjectProperty.instHasFiniteProductsFullSubcategory_snakeLean CategoryTheory.ObjectProperty.instPreservesFiniteProductsFullSubcategoryι_snakeLean CategoryTheory.ObjectProperty.instPreservesLimitsOfShapeFullSubcategoryWalkingParallelPairι_snakeLean
SnakeLean.isNormal_bBar	SnakeLean.IsNormalMono SnakeLean.DPN SnakeLean.IsNormalEpi SnakeLean.IsTwoKernel SnakeLean.HasBizero SnakeLean.IsNormal SnakeLean.IsTwoCokernel	SnakeLean.DPN.isNormal_comp_iff SnakeLean.IsNormal.of_iso
SnakeLean.SupOf.mk.noConfusion	SnakeLean.SupOf SnakeLean.SupOf.mk SnakeLean.LatticeClass SnakeLean.LatticeClass.Mem	SnakeLean.SupOf.noConfusion
SnakeLean.exists_isEquiv1_segIncl_comp	SnakeLean.SupOf.completeLattice SnakeLean.seg SnakeLean.bicategorySup SnakeLean.SupOf SnakeLean.segIncl SnakeLean.SupOf.carrier SnakeLean.categoryStructSup SnakeLean.LatticeClass SnakeLean.IsEquiv1	SnakeLean.isEquiv1_orderIsoHom SnakeLean.orderIsoHom SnakeLean.instFunLikeHom
SnakeLean.isNormalMono_imgMap	SnakeLean.IsNormalMono SnakeLean.IsStrong SnakeLean.IsNormalEpi SnakeLean.HasBizero SnakeLean.TwoDiExact SnakeLean.IsTwoMono SnakeLean.IsTwoEpi SnakeLean.TwoZExact	SnakeLean.isNormal_of_factorisation SnakeLean.IsNormal SnakeLean.isTwoKernel_twoKernel SnakeLean.isNormal_of_normalMono_comp_normalEpi SnakeLean.TwoZExact.toHasTwoKernel SnakeLean.twoKernelObj SnakeLean.twoKernel
SnakeLean.IsNull.nonempty_iso	SnakeLean.IsStrong SnakeLean.IsNull	SnakeLean.IsStrong.nonempty_hom SnakeLean.IsNull.eq_id
SnakeLean.IsEssNull.comp_left	SnakeLean.IsEssNull SnakeLean.IsStrong SnakeLean.HasBizero	SnakeLean.isEssNull_op SnakeLean.strictOp SnakeLean.IsEssNull.comp SnakeLean.isStrongOp SnakeLean.bizeroOp SnakeLean.isEssNull_of_op
SnakeLean.nonempty_comp_zero1	SnakeLean.IsStrong SnakeLean.zero1 SnakeLean.HasBizero	SnakeLean.IsNull.nonempty_iso SnakeLean.isNull_to SnakeLean.HasBizero.toZero SnakeLean.HasBizero.fromZero
SnakeLean.SnakeTop.θi	SnakeLean.HasBizero SnakeLean.SnakeTop.i SnakeLean.SnakeTop.I SnakeLean.SnakeTop SnakeLean.SnakeTop.iBar	
SnakeLean.isNormal_segIncl_comp_upProj_iff	SnakeLean.zeroSup SnakeLean.SupOf.completeLattice SnakeLean.Transposes SnakeLean.seg SnakeLean.bicategorySup SnakeLean.IsNormal SnakeLean.upSeg SnakeLean.SupOf SnakeLean.segIncl SnakeLean.SupOf.carrier SnakeLean.categoryStructSup SnakeLean.hasBizeroSup SnakeLean.upProj SnakeLean.LatticeClass	SnakeLean.isNormal_segIncl_comp_upProj SnakeLean.transposes_of_isNormal
SnakeLean.LatticeClass.casesOn	SnakeLean.LatticeClass.mk SnakeLean.iciCompleteLattice SnakeLean.LatticeClass	SnakeLean.LatticeClass.rec
SnakeLean.IsTotallyNormalMono.total	SnakeLean.IsNormalMono SnakeLean.HasBizero SnakeLean.IsTotallyNormalMono	
CategoryTheory.ObjectProperty.prop_iff_of_isoModSerre		
SnakeLean.exists_isEquiv1_cokernel_dinversion	SnakeLean.IsStrong SnakeLean.IsNormalEpi SnakeLean.IsTwoKernel SnakeLean.HasBizero SnakeLean.IsTwoCokernel SnakeLean.IsEquiv1	SnakeLean.IsSES.isTwoCokernel SnakeLean.IsEssNull.of_iso SnakeLean.IsEssNull SnakeLean.isSES_of_isTwoCokernel SnakeLean.IsTwoEpi.preimageIso SnakeLean.IsEssNull.comp SnakeLean.IsTwoCokernel.isEssNull_comp SnakeLean.IsTwoCokernel.fac SnakeLean.IsTwoCokernel.isTwoEpi SnakeLean.IsTwoKernel.isEssNull_comp
SnakeLean.LatticeClass.mk.inj	SnakeLean.LatticeClass.mk SnakeLean.iciCompleteLattice SnakeLean.LatticeClass	SnakeLean.LatticeClass.mk.noConfusion
SnakeLean.iciCompleteLattice		
SnakeLean.SnakeHalf.r	SnakeLean.HasBizero SnakeLean.SnakeHalf SnakeLean.SnakeHalf.I	
SnakeLean.additive_toZeroCat	SnakeLean.ZeroCat.instPreadditive SnakeLean.ZeroCat SnakeLean.ZeroCat.category	SnakeLean.ZeroCat.instSubsingletonHom
SnakeLean.IsTwoEpi.preimageIso	SnakeLean.IsTwoEpi	SnakeLean.IsTwoEpi.full SnakeLean.IsTwoEpi.faithful
SnakeLean.Pentagon.transposes_y_z	SnakeLean.Pentagon.y SnakeLean.Transposes SnakeLean.Pentagon.z SnakeLean.Pentagon.instLattice SnakeLean.Pentagon	SnakeLean.instFintypePentagon SnakeLean.Pentagon.instDecidableLE SnakeLean.instDecidableEqPentagon
SnakeLean.IsExactAt.isNormal	SnakeLean.HasBizero SnakeLean.IsNormal SnakeLean.IsExactAt	SnakeLean.IsNormalMono SnakeLean.IsNormalEpi SnakeLean.IsTwoKernel
SnakeLean.AbCatClass.mem_zeroCat	SnakeLean.ZeroCat SnakeLean.AbCatClass SnakeLean.ZeroCat.category SnakeLean.AbCatClass.Mem SnakeLean.ZeroCat.instAbelian	
SnakeLean.IsSES.recOn	SnakeLean.IsTwoKernel SnakeLean.HasBizero SnakeLean.IsTwoCokernel SnakeLean.IsSES.mk SnakeLean.IsSES	SnakeLean.IsSES.rec
TwoVertex.not_serreSaturation_SS_KK	TwoVertex.lam TwoVertex.SS CategoryTheory.ObjectProperty.serreSaturation TwoVertex.instIsSerreClassModuleCatSubtypeMatrixFinOfNatNatMemSubalgebraLamSS TwoVertex.reg TwoVertex.KK	TwoVertex.pa_mul_e₁ TwoVertex.pa_ne_zero TwoVertex.pa TwoVertex.e₁ CategoryTheory.ObjectProperty.instIsClosedUnderQuotientsModuleCatAnnBy TwoVertex.pa_smul_eq_zero TwoVertex.e₁_mul_pa
SnakeLean.ZeroCat.hasColimitsOfShape	SnakeLean.ZeroCat SnakeLean.ZeroCat.category	SnakeLean.ZeroCat.instSubsingletonHom
CategoryTheory.ObjectProperty.serreSaturation_of_twoStepSK	CategoryTheory.ObjectProperty.serreSaturation CategoryTheory.ObjectProperty.TwoStepSK	
SnakeLean.Pentagon.ctorElimType	SnakeLean.Pentagon	SnakeLean.Pentagon.y SnakeLean.Pentagon.bot SnakeLean.Pentagon.z SnakeLean.Pentagon.x SnakeLean.Pentagon.top
SnakeLean.AbCatOf.noConfusionType	SnakeLean.AbCatClass SnakeLean.AbCatOf	SnakeLean.AbCatClass.Mem SnakeLean.AbCatOf.casesOn
CategoryTheory.ObjectProperty.subEssential_of_sqEssential	CategoryTheory.ObjectProperty.SQEssential CategoryTheory.ObjectProperty.SubEssential	CategoryTheory.IsSubquotient.of_mono
CategoryTheory.ObjectProperty.instIsSerreClassSerreJoin	CategoryTheory.ObjectProperty.serreJoin	CategoryTheory.ObjectProperty.instContainsZeroSerreJoin CategoryTheory.ObjectProperty.instIsClosedUnderSubobjectsSerreJoin CategoryTheory.ObjectProperty.instIsClosedUnderQuotientsSerreJoin CategoryTheory.ObjectProperty.instIsClosedUnderExtensionsSerreJoin
SnakeLean.isNormal_ke_comp_coim	SnakeLean.DPN SnakeLean.NormalEpiComp SnakeLean.IsStrong SnakeLean.IsTwoKernel SnakeLean.HasBizero SnakeLean.IsNormal SnakeLean.IsTwoCokernel SnakeLean.TwoZExact SnakeLean.IsSES	SnakeLean.IsZeroAntinormal.mk SnakeLean.isEssNull_kg_comp SnakeLean.isNormalEpi_comp_coim SnakeLean.isHSD_of_dpn
SnakeLean.isTwoKernel_dinversion_of_ladder	SnakeLean.IsTwoKernel SnakeLean.HasBizero SnakeLean.IsSES	SnakeLean.IsSES.isTwoKernel SnakeLean.IsEssNull.of_iso SnakeLean.IsEssNull SnakeLean.IsTwoKernel.fac SnakeLean.IsTwoKernel.mk SnakeLean.isTwoMono_of_comp SnakeLean.IsTwoMono SnakeLean.IsTwoMono.toIsFaithful₁ SnakeLean.IsTwoKernel.isTwoMono SnakeLean.IsTwoMono.preimageIso SnakeLean.IsTwoKernel.isEssNull_comp
SnakeLean.hasBizeroAbCatOf	SnakeLean.AbCatClass SnakeLean.bicategoryAbCatOf SnakeLean.HasBizero SnakeLean.AbCatOf SnakeLean.zeroAbCatOf	SnakeLean.AbCatOf.category SnakeLean.toZeroFunctor SnakeLean.AbCatOf.carrier SnakeLean.AbCatHom.mk SnakeLean.HasBizero.mk SnakeLean.AbCatOf.abelian SnakeLean.fromZeroFunctor
SnakeLean.AbCatClass.mk	SnakeLean.ZeroCat SnakeLean.AbCatClass SnakeLean.ZeroCat.category CategoryTheory.ObjectProperty.abelianFullSubcategory SnakeLean.ZeroCat.instAbelian	
SnakeLean.isEssNull_kerIncl_comp	SnakeLean.IsEssNull SnakeLean.kerIncl SnakeLean.AbCatClass SnakeLean.bicategoryAbCatOf SnakeLean.AbCatOf SnakeLean.kerAbCatOf SnakeLean.zeroAbCatOf	SnakeLean.AbCatOf.category SnakeLean.hasBizeroAbCatOf SnakeLean.zero1 SnakeLean.AbCatOf.carrier SnakeLean.IsNull SnakeLean.isZero_obj_of_isNull SnakeLean.AbCatHom.functor SnakeLean.isNull_zero1 SnakeLean.kerProp SnakeLean.AbCatHom.isoOfNatIso
CategoryTheory.ObjectProperty.instIsClosedUnderQuotientsSerreJoin	CategoryTheory.ObjectProperty.serreJoin	
SnakeLean.isUpperModularLattice_of_transpositionSymmetric	SnakeLean.TranspositionSymmetric	SnakeLean.Transposes
SnakeLean.exists_kerRestriction	SnakeLean.IsStrong SnakeLean.IsTwoKernel SnakeLean.HasBizero SnakeLean.IsTwoMono	SnakeLean.IsEssNull.of_iso SnakeLean.IsTwoKernel.fac SnakeLean.isEssNull_comp_left_of_square SnakeLean.IsEssNull.comp SnakeLean.IsTwoKernel.isEssNull_comp
SnakeLean.isThirdIsoDual_of_isThirdIso_op	SnakeLean.HasBizero SnakeLean.IsThirdIso SnakeLean.bizeroOp SnakeLean.IsThirdIsoDual	SnakeLean.isNormalMono_op SnakeLean.IsTotallyNormalEpi SnakeLean.IsTotallyNormalEpi.left SnakeLean.IsTotallyNormalEpi.comp SnakeLean.IsTotallyNormalMono.mk SnakeLean.IsTwoKernel SnakeLean.isSES_of_op SnakeLean.isThirdIsoDual_of_isThirdIso_op.match_1_1 SnakeLean.IsTotallyNormalEpi.total SnakeLean.IsTotallyNormalEpi.right SnakeLean.isThirdIsoDual_of_isThirdIso_op.match_1_3 SnakeLean.IsSES SnakeLean.isTwoCokernel_op
SnakeLean.transposes_of_factorisation	SnakeLean.SupOf.completeLattice SnakeLean.Transposes SnakeLean.seg SnakeLean.upSeg SnakeLean.SupOf SnakeLean.SupOf.carrier SnakeLean.categoryStructSup SnakeLean.upProj SnakeLean.LatticeClass SnakeLean.instFunLikeHom	SnakeLean.transposeMap SnakeLean.coe_transposeMap SnakeLean.upProj_apply SnakeLean.transposes_iff_bijective
SnakeLean.isEquiv1_of_isNormalMono	SnakeLean.IsNormalMono SnakeLean.IsStrong SnakeLean.HasBizero SnakeLean.IsTwoEpi SnakeLean.IsEquiv1	SnakeLean.isNormalEpi_op SnakeLean.isTwoMono_op SnakeLean.strictOp SnakeLean.isEquiv1_of_isNormalEpi SnakeLean.isEquiv1_of_op SnakeLean.isStrongOp SnakeLean.bizeroOp
SnakeLean.MorphismSES.rec	SnakeLean.MorphismSES SnakeLean.MorphismSES.mk	
SnakeLean.IsBipushout.ext	SnakeLean.cosquareIso SnakeLean.IsBipushout	
CategoryTheory.ObjectProperty.instHasFiniteBiproductsFullSubcategory_snakeLean		CategoryTheory.ObjectProperty.instHasFiniteProductsFullSubcategory_snakeLean
SnakeLean.isTwoKernel_id	SnakeLean.IsTwoKernel SnakeLean.zero1 SnakeLean.HasBizero	SnakeLean.IsEssNull.of_iso SnakeLean.IsEssNull SnakeLean.IsTwoKernel.mk SnakeLean.isTwoMono_id SnakeLean.isEssNull_zero1
SnakeLean.isEssNull_iff_forall	SnakeLean.zeroSup SnakeLean.IsEssNull SnakeLean.SupOf.completeLattice SnakeLean.bicategorySup SnakeLean.SupOf SnakeLean.SupOf.carrier SnakeLean.categoryStructSup SnakeLean.LatticeClass SnakeLean.instFunLikeHom	SnakeLean.apply_eq_bot_of_isNull SnakeLean.isNull_of_forall_eq_bot SnakeLean.IsNull SnakeLean.eq_of_iso_hom
SnakeLean.isNormalMono_twoKernel	SnakeLean.IsNormalMono SnakeLean.HasBizero SnakeLean.HasTwoKernel SnakeLean.twoKernelObj SnakeLean.twoKernel	SnakeLean.IsTwoKernel SnakeLean.isTwoKernel_twoKernel
CategoryTheory.ObjectProperty.preservesFiniteColimits_ι		CategoryTheory.ObjectProperty.instPreservesColimitsOfShapeFullSubcategoryWalkingParallelPairι_snakeLean CategoryTheory.ObjectProperty.instHasFiniteBiproductsFullSubcategory_snakeLean CategoryTheory.ObjectProperty.instHasCoequalizersFullSubcategory_snakeLean
SnakeLean.IsTotallyNormalMono.right	SnakeLean.IsNormalMono SnakeLean.HasBizero SnakeLean.IsTotallyNormalMono	
CategoryTheory.ObjectProperty.serreJoin_iff	CategoryTheory.ObjectProperty.serreJoin	
SnakeLean.NormalEpiComp.casesOn	SnakeLean.NormalEpiComp SnakeLean.IsNormalEpi SnakeLean.HasBizero SnakeLean.NormalEpiComp.mk	SnakeLean.NormalEpiComp.rec
SnakeLean.instPartialOrderHom	SnakeLean.SupOf SnakeLean.categoryStructSup SnakeLean.LatticeClass	SnakeLean.SupOf.completeLattice SnakeLean.SupOf.carrier
SnakeLean.isModularLattice_of_forall_pentagon		
SnakeLean.Pentagon.instBoundedOrder	SnakeLean.Pentagon.instLE SnakeLean.Pentagon	SnakeLean.Pentagon.bot SnakeLean.Pentagon.top
PrimeSpectrum.mem_support_of_mem_associatedPrimes		
TwoVertex.be.eq_1	TwoVertex.lam TwoVertex.be	
TwoVertex.e₂_smul_mem_nTwo	TwoVertex.lam TwoVertex.e₂ TwoVertex.nTwo	TwoVertex.al_mul_e₂ TwoVertex.al
SnakeLean.SnakeHalf.θ	SnakeLean.SnakeHalf.r SnakeLean.HasBizero SnakeLean.SnakeHalf SnakeLean.SnakeHalf.I SnakeLean.SnakeHalf.i	
SnakeLean.categoryStructSup	SnakeLean.SupOf SnakeLean.LatticeClass	SnakeLean.SupOf.completeLattice SnakeLean.SupOf.carrier
SnakeLean.IsBipullback.nonempty_ext_iso	SnakeLean.squareIso SnakeLean.IsBipullback	SnakeLean.IsBipullback.ext
SnakeLean.nonempty_iso_snakeComparison	SnakeLean.PureSnakeComparison.isEquiv1 SnakeLean.HasBizero SnakeLean.PureSnakeComparison.j SnakeLean.IsTwoMono SnakeLean.IsTwoEpi SnakeLean.PureSnakeComparison SnakeLean.IsEquiv1.inv	SnakeLean.PureSnakeComparison.nonempty_iso SnakeLean.IsEquiv1.nonempty_iso_inv
SnakeLean.SnakeHalf.ψπ	SnakeLean.SnakeHalf.Q SnakeLean.HasBizero SnakeLean.SnakeHalf SnakeLean.SnakeHalf.π SnakeLean.SnakeHalf.qi	
SnakeLean.IsTwoKernel.iso_ext	SnakeLean.IsStrong SnakeLean.zero1 SnakeLean.HasBizero	SnakeLean.IsNull.iso_ext SnakeLean.isNull_zero1
SnakeLean.ModularPair		
SnakeLean.isNormal_c_comp_qg	SnakeLean.IsNormalMono SnakeLean.DPN SnakeLean.IsNormalEpi SnakeLean.IsTwoKernel SnakeLean.HasBizero SnakeLean.IsNormal SnakeLean.IsSES	SnakeLean.IsSES.isTwoCokernel SnakeLean.IsSES.isTwoKernel SnakeLean.DPN.isNormal_comp_iff SnakeLean.IsNormal.of_iso
TwoVertex.spanF	TwoVertex.lam TwoVertex.spanD TwoVertex.spanA	TwoVertex.nOne TwoVertex.nTwo
CategoryTheory.ObjectProperty.instIsIsoFullSubcategoryCoimageImageComparison_snakeLean	CategoryTheory.ObjectProperty.instHasCokernelsFullSubcategory_snakeLean CategoryTheory.ObjectProperty.instHasKernelsFullSubcategory_snakeLean	CategoryTheory.ObjectProperty.isClosedUnderCoequalizers_of_isSerreClass CategoryTheory.ObjectProperty.isClosedUnderEqualizers_of_isSerreClass
SnakeLean.isEssNull_hom_ext	SnakeLean.IsEssNull SnakeLean.IsStrong	SnakeLean.IsNull SnakeLean.IsNull.eq_of_isIso
SnakeLean.isZeroAntinormal_of_op	SnakeLean.HasBizero SnakeLean.bizeroOp SnakeLean.IsZeroAntinormal	SnakeLean.IsEssNull SnakeLean.isNormalMono_of_op SnakeLean.IsZeroAntinormal.isNormalEpi SnakeLean.IsZeroAntinormal.mk SnakeLean.isNormalEpi_of_op SnakeLean.isEssNull_of_op SnakeLean.IsZeroAntinormal.isEssNull_comp SnakeLean.IsZeroAntinormal.isNormalMono
SnakeLean.eq_of_isNull_locallyDiscrete	SnakeLean.IsNull	
SnakeLean.SupOf.recOn	SnakeLean.SupOf SnakeLean.SupOf.mk SnakeLean.LatticeClass SnakeLean.LatticeClass.Mem	SnakeLean.SupOf.rec
SnakeLean.AbCatHom.noConfusionType	SnakeLean.AbCatClass SnakeLean.AbCatOf SnakeLean.AbCatHom	SnakeLean.AbCatOf.category SnakeLean.AbCatHom.casesOn SnakeLean.AbCatOf.carrier SnakeLean.AbCatOf.abelian
SnakeLean.Pentagon.enumList_getElem?_ctorIdx_eq	SnakeLean.Pentagon.enumList SnakeLean.Pentagon.ctorIdx SnakeLean.Pentagon	SnakeLean.Pentagon.y SnakeLean.Pentagon.bot SnakeLean.Pentagon.casesOn SnakeLean.Pentagon.z SnakeLean.Pentagon.x SnakeLean.Pentagon.top
SnakeLean.snake_isTwoCokernel_barD	SnakeLean.IsStrong SnakeLean.HasBizero SnakeLean.IsTwoEpi SnakeLean.MorphismSES SnakeLean.IsTwoCokernel SnakeLean.MorphismSES.f SnakeLean.MorphismSES.h SnakeLean.MorphismSES.g SnakeLean.IsSES	SnakeLean.isTwoKernel_op SnakeLean.isSES_op SnakeLean.MorphismSES.op SnakeLean.isTwoMono_op SnakeLean.IsTwoKernel SnakeLean.snake_isTwoKernel_barA SnakeLean.strictOp SnakeLean.isTwoKernel_op_iff SnakeLean.isStrongOp SnakeLean.bizeroOp
SnakeLean.SnakeHalf.mk.injEq	SnakeLean.IsTwoKernel SnakeLean.HasBizero SnakeLean.SnakeHalf SnakeLean.IsNormal SnakeLean.IsTwoEpi SnakeLean.IsTwoCokernel SnakeLean.SnakeHalf.mk SnakeLean.IsEquiv1	SnakeLean.SnakeHalf.mk.noConfusion
TwoVertex.nOne_le_nTwo	TwoVertex.lam TwoVertex.nOne TwoVertex.nTwo	TwoVertex.e₂ TwoVertex.al
SnakeLean.isStrongSup	SnakeLean.zeroSup SnakeLean.IsStrong SnakeLean.bicategorySup SnakeLean.SupOf SnakeLean.LatticeClass	SnakeLean.apply_eq_bot_of_isNull SnakeLean.IsStrong.mk SnakeLean.SupOf.completeLattice SnakeLean.IsNull SnakeLean.SupOf.carrier SnakeLean.categoryStructSup SnakeLean.twoCellOfLe SnakeLean.instPartialOrderHom SnakeLean.instFunLikeHom
SnakeLean.LatticeClass.recOn	SnakeLean.LatticeClass.mk SnakeLean.iciCompleteLattice SnakeLean.LatticeClass	SnakeLean.LatticeClass.rec
SnakeLean.HasBizero.noConfusionType	SnakeLean.HasBizero	SnakeLean.HasBizero.casesOn
SnakeLean.hasBizeroSup	SnakeLean.zeroSup SnakeLean.HasBizero SnakeLean.bicategorySup SnakeLean.SupOf SnakeLean.LatticeClass	SnakeLean.SupOf.completeLattice SnakeLean.HasBizero.mk SnakeLean.mkHom SnakeLean.SupOf.carrier
SnakeLean.PureSnakeComparison.j	SnakeLean.HasBizero SnakeLean.PureSnakeComparison	
SnakeLean.HasTwoKernel.rec	SnakeLean.IsTwoKernel SnakeLean.HasBizero SnakeLean.HasTwoKernel SnakeLean.HasTwoKernel.mk	
SnakeLean.Pentagon.ctorIdx	SnakeLean.Pentagon	SnakeLean.Pentagon.casesOn
SnakeLean.TwoZExact.rec	SnakeLean.HasTwoCokernel SnakeLean.HasBizero SnakeLean.TwoZExact.mk SnakeLean.HasTwoKernel SnakeLean.TwoZExact	
SnakeLean.NormalChainComplex.noConfusionType	SnakeLean.HasBizero SnakeLean.NormalChainComplex	SnakeLean.IsEssNull SnakeLean.IsNormal SnakeLean.NormalChainComplex.casesOn
SnakeLean.SnakeHalf.casesOn	SnakeLean.IsTwoKernel SnakeLean.HasBizero SnakeLean.SnakeHalf SnakeLean.IsNormal SnakeLean.IsTwoEpi SnakeLean.IsTwoCokernel SnakeLean.SnakeHalf.mk SnakeLean.IsEquiv1	SnakeLean.SnakeHalf.rec
SnakeLean.MorphismPure.ψd	SnakeLean.MorphismPure SnakeLean.MorphismPure.πY SnakeLean.MorphismPure.πZ	
SnakeLean.isBipullback_of_isTwoKernel	SnakeLean.IsStrong SnakeLean.IsTwoKernel SnakeLean.HasBizero SnakeLean.HasBizero.fromZero SnakeLean.IsBipullback	SnakeLean.null_hom_ext SnakeLean.IsTwoMono.faithful SnakeLean.IsTwoKernel.fac SnakeLean.squareIso SnakeLean.IsNull.iso_ext SnakeLean.IsNull.nonempty_iso SnakeLean.IsNull SnakeLean.IsTwoKernel.isTwoMono SnakeLean.isNull_to SnakeLean.IsTwoMono.full SnakeLean.IsBipullback.mk
SnakeLean.isEquiv1_op_iff	SnakeLean.IsEquiv1	SnakeLean.isEquiv1_op SnakeLean.isEquiv1_of_op
SnakeLean.hasTwoKernel_zero1	SnakeLean.zero1 SnakeLean.HasBizero SnakeLean.HasTwoKernel	SnakeLean.isTwoKernel_id SnakeLean.IsTwoKernel.hasTwoKernel
SnakeLean.isEssNull_of_op	SnakeLean.IsEssNull	SnakeLean.isNull_of_op SnakeLean.IsNull
SnakeLean.IsNormal.transport	SnakeLean.HasBizero SnakeLean.IsNormal SnakeLean.IsEquiv1	SnakeLean.IsNormalMono SnakeLean.IsNormalEpi SnakeLean.IsNormalMono.comp_isEquiv1 SnakeLean.IsNormalEpi.isEquiv1_comp
SnakeLean.SnakeTop.casesOn	SnakeLean.IsNormalMono SnakeLean.IsNormalEpi SnakeLean.HasBizero SnakeLean.SnakeTop SnakeLean.SnakeTop.mk	SnakeLean.SnakeTop.rec
SnakeLean.PureSnakeComparison.mk.noConfusion	SnakeLean.PureSnakeComparison.mk SnakeLean.HasBizero SnakeLean.PureSnakeComparison SnakeLean.IsEquiv1	SnakeLean.PureSnakeComparison.noConfusion
SnakeLean.IsBipullback		
SnakeLean.isThirdIso_of_isHSD.match_1_1		
SnakeLean.LatticeClass.mk	SnakeLean.iciCompleteLattice SnakeLean.LatticeClass	
SnakeLean.MorphismSES.mk.sizeOf_spec	SnakeLean.MorphismSES SnakeLean.MorphismSES.mk	
SnakeLean.HasTwoCokernel.rec	SnakeLean.HasTwoCokernel SnakeLean.HasTwoCokernel.mk SnakeLean.HasBizero SnakeLean.IsTwoCokernel	
SnakeLean.Pentagon.not_transpositionSymmetric	SnakeLean.Pentagon.instLattice SnakeLean.Pentagon SnakeLean.TranspositionSymmetric	SnakeLean.Pentagon.y SnakeLean.Pentagon.not_transposes_z_y SnakeLean.Pentagon.transposes_y_z SnakeLean.Pentagon.z
SnakeLean.Pentagon.inf	SnakeLean.Pentagon	SnakeLean.Pentagon.inf.match_1 SnakeLean.Pentagon.y SnakeLean.Pentagon.bot SnakeLean.Pentagon.z SnakeLean.Pentagon.x
SnakeLean.IsFaithful₁.casesOn	SnakeLean.IsFaithful₁.mk SnakeLean.IsFaithful₁	SnakeLean.IsFaithful₁.rec
SnakeLean.nonempty_iso_connecting_square		
SnakeLean.NormalChainComplex.mk.inj	SnakeLean.IsEssNull SnakeLean.HasBizero SnakeLean.IsNormal SnakeLean.NormalChainComplex SnakeLean.NormalChainComplex.mk	SnakeLean.NormalChainComplex.mk.noConfusion
CategoryTheory.ObjectProperty.isSerreClass_serreSaturation_of_condAS	CategoryTheory.ObjectProperty.serreSaturation CategoryTheory.ObjectProperty.CondAS	CategoryTheory.ObjectProperty.exists_nonzeroSub_of_serreJoin CategoryTheory.ObjectProperty.TwoStepKS CategoryTheory.ObjectProperty.instIsClosedUnderSubobjectsSerreJoin CategoryTheory.ObjectProperty.serreJoin CategoryTheory.ObjectProperty.HasNonzeroSub CategoryTheory.ObjectProperty.exists_epi_torsionFree CategoryTheory.ObjectProperty.isSerreClass_serreSaturation_of_twoStep CategoryTheory.ObjectProperty.instIsClosedUnderQuotientsSerreJoin CategoryTheory.ObjectProperty.TwoStepSK
SnakeLean.IsTwoMono.preimageIso	SnakeLean.IsTwoMono	SnakeLean.IsTwoMono.faithful SnakeLean.IsTwoMono.full
SnakeLean.instPreservesColimitZeroCatFromZeroFunctor	SnakeLean.ZeroCat SnakeLean.ZeroCat.category SnakeLean.fromZeroFunctor	
SnakeLean.IsTwoMono.of_iso	SnakeLean.IsTwoMono	SnakeLean.IsTwoMono.faithful SnakeLean.postcompMapIso SnakeLean.IsTwoMono.mk SnakeLean.IsTwoMono.full
SnakeLean.AbCat		SnakeLean.AbCatClass.all SnakeLean.AbCatOf
SnakeLean.twoDiExactModSup	SnakeLean.modularClass SnakeLean.zeroSup SnakeLean.TwoDiExact SnakeLean.bicategorySup SnakeLean.SupOf SnakeLean.hasBizeroSup	SnakeLean.twoDiExact_of_forall_isModularLattice SnakeLean.SupOf.mem
SnakeLean.NormalEpiComp.rec	SnakeLean.NormalEpiComp SnakeLean.IsNormalEpi SnakeLean.HasBizero SnakeLean.NormalEpiComp.mk	
SnakeLean.SnakeHalf.mt	SnakeLean.SnakeHalf.Q SnakeLean.SnakeHalf.KT SnakeLean.HasBizero SnakeLean.SnakeHalf	
CategoryTheory.ObjectProperty.prop_quotient_of_mem_associatedPrimes	CategoryTheory.ObjectProperty.SubEssential	exists_injective_of_ne_bot CategoryTheory.ObjectProperty.prop_of_linearEquiv CategoryTheory.ObjectProperty.exists_le_prop_of_subEssential CategoryTheory.ObjectProperty.prop_of_injective
SnakeLean.Pentagon.sup	SnakeLean.Pentagon	SnakeLean.Pentagon.y SnakeLean.Pentagon.sup.match_1 SnakeLean.Pentagon.z SnakeLean.Pentagon.x SnakeLean.Pentagon.top
SnakeLean.isTwoKernel_of_isBipullback_of_isTwoKernel	SnakeLean.IsStrong SnakeLean.IsTwoKernel SnakeLean.HasBizero SnakeLean.IsTwoMono SnakeLean.IsBipullback	SnakeLean.IsEssNull.of_iso SnakeLean.IsEssNull SnakeLean.IsEssNull.comp_left SnakeLean.IsTwoKernel.fac SnakeLean.squareIso SnakeLean.IsTwoKernel.mk SnakeLean.IsBipullback.fac SnakeLean.IsTwoKernel.isEssNull_comp
SnakeLean.transposeMap_transposeInv	SnakeLean.transposeInv SnakeLean.Transposes SnakeLean.transposeMap	
CategoryTheory.ObjectProperty.instHasEqualizersFullSubcategory_snakeLean		CategoryTheory.ObjectProperty.isClosedUnderEqualizers_of_isSerreClass
CategoryTheory.IsSerreQuotient.rec	CategoryTheory.IsSerreQuotient CategoryTheory.IsSerreQuotient.mk	
SnakeLean.exists_isEquiv1_of_isTwoCokernel	SnakeLean.zeroSup SnakeLean.SupOf.completeLattice SnakeLean.bicategorySup SnakeLean.upSeg SnakeLean.SupOf SnakeLean.IsTwoCokernel SnakeLean.SupOf.carrier SnakeLean.categoryStructSup SnakeLean.hasBizeroSup SnakeLean.upProj SnakeLean.LatticeClass SnakeLean.instFunLikeHom SnakeLean.IsEquiv1	SnakeLean.IsEssNull SnakeLean.cancel_isTwoEpi SnakeLean.isTwoEpi_upProj SnakeLean.upRestrict SnakeLean.IsTwoCokernel.isEssNull_comp SnakeLean.IsTwoCokernel.fac SnakeLean.IsTwoCokernel.isTwoEpi SnakeLean.isEssNull_iff_forall SnakeLean.eq_of_iso_hom SnakeLean.instSSupHomClassHom
SnakeLean.IsEquiv1.isTwoMono	SnakeLean.IsTwoMono SnakeLean.IsEquiv1	SnakeLean.postcompIdIso SnakeLean.postcompMapIso SnakeLean.postcompCompIso SnakeLean.IsTwoMono.mk
SnakeLean.isHSD_of_isHomologySelfDual	SnakeLean.IsStrong SnakeLean.IsHSD SnakeLean.HasBizero SnakeLean.IsHomologySelfDual SnakeLean.TwoZExact	SnakeLean.exists_comparison SnakeLean.isTwoCokernel_twoCokernel SnakeLean.twoTermComplex SnakeLean.IsTwoKernel SnakeLean.twoCokernelObj SnakeLean.isNormal_iff_isEquiv1_comparison SnakeLean.IsNormal SnakeLean.isTwoKernel_twoKernel SnakeLean.IsTwoCokernel SnakeLean.TwoZExact.toHasTwoKernel SnakeLean.twoKernelObj SnakeLean.TwoZExact.toHasTwoCokernel SnakeLean.twoCokernel SnakeLean.IsZeroAntinormal SnakeLean.twoKernel SnakeLean.NormalChainComplex.obj SnakeLean.IsEquiv1
SnakeLean.bijective_of_isEquiv1	SnakeLean.bicategorySup SnakeLean.SupOf SnakeLean.SupOf.carrier SnakeLean.categoryStructSup SnakeLean.LatticeClass SnakeLean.instFunLikeHom SnakeLean.IsEquiv1	SnakeLean.eq_of_iso_hom
CategoryTheory.ObjectProperty.instIsClosedUnderQuotientsMin_snakeLean		
SnakeLean.snakeHalf	SnakeLean.IsStrong SnakeLean.IsNormalEpi SnakeLean.IsTwoKernel SnakeLean.HasBizero SnakeLean.TwoDiExact SnakeLean.SnakeHalf SnakeLean.IsTwoCokernel SnakeLean.TwoZExact	SnakeLean.SnakeTop.θi SnakeLean.IsEssNull SnakeLean.isSES_of_isTwoKernel SnakeLean.twoCokernelObj SnakeLean.SnakeTop.r SnakeLean.PureSnakeComparison.j SnakeLean.SnakeTop.i SnakeLean.SnakeTop.I SnakeLean.SnakeTop SnakeLean.PureSnakeComparison.θ SnakeLean.SnakeTop.θ SnakeLean.twoKernelObj SnakeLean.twoCokernel SnakeLean.SnakeHalf.mk SnakeLean.snakeTop SnakeLean.twoKernel SnakeLean.isHSD_of_twoDiExact SnakeLean.PureSnakeComparison SnakeLean.pureSnakeComparison SnakeLean.SnakeTop.iBar
SnakeLean.le_kerElt	SnakeLean.SupOf.completeLattice SnakeLean.SupOf SnakeLean.SupOf.carrier SnakeLean.categoryStructSup SnakeLean.kerElt SnakeLean.LatticeClass SnakeLean.instFunLikeHom	
SnakeLean.strictOp		SnakeLean.op2_eqToIso
SnakeLean.AbCatHom.mk.noConfusion	SnakeLean.AbCatOf.category SnakeLean.AbCatClass SnakeLean.AbCatOf.carrier SnakeLean.AbCatHom.mk SnakeLean.AbCatOf SnakeLean.AbCatHom SnakeLean.AbCatOf.abelian	SnakeLean.AbCatHom.noConfusion
SnakeLean.isTwoKernel_twoImg	SnakeLean.IsTwoKernel SnakeLean.twoCokernelObj SnakeLean.HasBizero SnakeLean.twoImgObj SnakeLean.TwoZExact SnakeLean.TwoZExact.toHasTwoCokernel SnakeLean.twoCokernel SnakeLean.twoImg	SnakeLean.isTwoKernel_twoKernel SnakeLean.TwoZExact.toHasTwoKernel
SnakeLean.isTwoCokernel_segIncl_upProj	SnakeLean.zeroSup SnakeLean.seg SnakeLean.bicategorySup SnakeLean.upSeg SnakeLean.SupOf SnakeLean.segIncl SnakeLean.IsTwoCokernel SnakeLean.SupOf.carrier SnakeLean.hasBizeroSup SnakeLean.upProj SnakeLean.LatticeClass	SnakeLean.IsTwoCokernel.mk SnakeLean.IsEssNull SnakeLean.SupOf.completeLattice SnakeLean.isTwoEpi_upProj SnakeLean.upRestrict SnakeLean.categoryStructSup SnakeLean.isEssNull_iff_forall SnakeLean.instFunLikeHom SnakeLean.instSSupHomClassHom
SnakeLean.HasTwoCokernel	SnakeLean.HasBizero	
SnakeLean.SnakeTop.isNormal_bBar	SnakeLean.HasBizero SnakeLean.SnakeTop SnakeLean.IsNormal SnakeLean.IsTwoMono	SnakeLean.IsNormalMono SnakeLean.SnakeTop.θi SnakeLean.IsNormalEpi SnakeLean.SnakeTop.r SnakeLean.SnakeTop.nonempty_iso_bBar SnakeLean.SnakeTop.i SnakeLean.SnakeTop.I SnakeLean.SnakeTop.isNormalEpi_r SnakeLean.SnakeTop.isNormalMono_i SnakeLean.IsNormalMono.of_comp SnakeLean.SnakeTop.iBar
SnakeLean.IsTwoEpi.of_iso	SnakeLean.IsTwoEpi	SnakeLean.IsTwoEpi.mk SnakeLean.precompMapIso SnakeLean.IsTwoEpi.full SnakeLean.IsTwoEpi.faithful
SnakeLean.exists_bBarData	SnakeLean.IsNormalMono SnakeLean.DPN SnakeLean.IsStrong SnakeLean.IsHSD SnakeLean.IsNormalEpi SnakeLean.IsTwoKernel SnakeLean.HasBizero SnakeLean.IsNormal SnakeLean.IsTwoMono SnakeLean.MorphismSES SnakeLean.IsTwoCokernel SnakeLean.MorphismSES.f SnakeLean.TwoZExact SnakeLean.MorphismSES.h SnakeLean.MorphismSES.g SnakeLean.IsSES	SnakeLean.IsSES.isTwoKernel SnakeLean.exists_eOne SnakeLean.isSES_of_isTwoKernel SnakeLean.isTwoCokernel_twoCokernel SnakeLean.MorphismSES.φK SnakeLean.twoCokernelObj SnakeLean.IsTwoKernel.of_iso SnakeLean.exists_alpha SnakeLean.isTwoKernel_comp_isTwoMono_iff SnakeLean.TwoZExact.toHasTwoCokernel SnakeLean.IsTwoKernel.isTwoMono SnakeLean.twoCokernel SnakeLean.exists_mOne SnakeLean.isNormal_bBar_of_isNormal_f SnakeLean.exists_rho SnakeLean.IsTwoMono.preimageIso SnakeLean.MorphismSES.φQ
SnakeLean.squareIso.congr_simp	SnakeLean.squareIso	
SnakeLean.isNormalEpi_twoCokernel	SnakeLean.HasTwoCokernel SnakeLean.IsNormalEpi SnakeLean.twoCokernelObj SnakeLean.HasBizero SnakeLean.twoCokernel	SnakeLean.isTwoCokernel_twoCokernel SnakeLean.IsTwoCokernel
SnakeLean.normalMonoCompOp	SnakeLean.NormalEpiComp SnakeLean.NormalMonoComp SnakeLean.HasBizero SnakeLean.bizeroOp	SnakeLean.IsNormalMono SnakeLean.isNormalMono_op SnakeLean.NormalEpiComp.isNormalEpi_comp SnakeLean.NormalMonoComp.mk SnakeLean.isNormalEpi_of_op
SnakeLean.eq_of_iso_hom	SnakeLean.bicategorySup SnakeLean.SupOf SnakeLean.categoryStructSup SnakeLean.LatticeClass	SnakeLean.instPartialOrderHom
SnakeLean.MorphismPure		
SnakeLean.isExactAt_and_isNormal_op_iff	SnakeLean.IsStrong SnakeLean.HasBizero SnakeLean.IsNormal SnakeLean.IsExactAt SnakeLean.bizeroOp	SnakeLean.isNormal_of_op SnakeLean.IsExactAt.op SnakeLean.isExactAt_of_op SnakeLean.IsExactAt.isNormal
SnakeLean.IsTwoCokernel.isTwoEpi	SnakeLean.HasBizero SnakeLean.IsTwoEpi SnakeLean.IsTwoCokernel	
SnakeLean.squareIso_naturality	SnakeLean.squareIso	
SnakeLean.AbCatClass.Mem	SnakeLean.AbCatClass	
SnakeLean.squareIso.eq_1	SnakeLean.squareIso	
SnakeLean.IsEssNull.of_comp_isTwoEpi	SnakeLean.IsEssNull SnakeLean.IsStrong SnakeLean.HasBizero SnakeLean.IsTwoEpi	SnakeLean.isTwoMono_op SnakeLean.isEssNull_op SnakeLean.strictOp SnakeLean.IsEssNull.of_comp_isTwoMono SnakeLean.isStrongOp SnakeLean.bizeroOp SnakeLean.isEssNull_of_op
CategoryTheory.ObjectProperty.ofFG_iff	CategoryTheory.ObjectProperty.ofFG	CategoryTheory.ObjectProperty.ofFG_iff.match_1_1
SnakeLean.pureSnake_isNormalEpi	SnakeLean.IsNormalEpi SnakeLean.HasBizero SnakeLean.IsSES	SnakeLean.isTwoCokernel_dinversion_of_ladder SnakeLean.IsTwoCokernel
SnakeLean.ZeroCat.hasLimitsOfShape	SnakeLean.ZeroCat SnakeLean.ZeroCat.category	SnakeLean.ZeroCat.instSubsingletonHom
SnakeLean.IsBipullback.fac	SnakeLean.squareIso SnakeLean.IsBipullback	
SnakeLean.IsNormalEpi.isNormal	SnakeLean.IsStrong SnakeLean.IsNormalEpi SnakeLean.HasBizero SnakeLean.IsNormal	SnakeLean.IsNormalMono SnakeLean.IsEquiv1.isNormalMono SnakeLean.isEquiv1_id
SnakeLean.exists_alpha	SnakeLean.IsNormalMono SnakeLean.IsStrong SnakeLean.IsTwoKernel SnakeLean.HasBizero SnakeLean.IsSES	SnakeLean.IsSES.isTwoCokernel SnakeLean.IsSES.isTwoKernel SnakeLean.IsEssNull.of_iso SnakeLean.IsEssNull SnakeLean.IsTwoKernel.fac SnakeLean.IsEssNull.comp SnakeLean.IsTwoCokernel.isEssNull_comp SnakeLean.IsTwoKernel.isTwoMono SnakeLean.IsNormalMono.of_comp
SnakeLean.IsTwoKernel.fac	SnakeLean.IsEssNull SnakeLean.IsTwoKernel SnakeLean.HasBizero	
CategoryTheory.ObjectProperty.CondAS		CategoryTheory.ObjectProperty.SubEssential
SnakeLean.AbCatHom.casesOn	SnakeLean.AbCatOf.category SnakeLean.AbCatClass SnakeLean.AbCatOf.carrier SnakeLean.AbCatHom.mk SnakeLean.AbCatOf SnakeLean.AbCatHom SnakeLean.AbCatOf.abelian	SnakeLean.AbCatHom.rec
SnakeLean.LatticeClass.noConfusion	SnakeLean.LatticeClass.noConfusionType SnakeLean.LatticeClass	SnakeLean.iciCompleteLattice SnakeLean.LatticeClass.casesOn
SnakeLean.transposes_of_isNormal	SnakeLean.zeroSup SnakeLean.SupOf.completeLattice SnakeLean.Transposes SnakeLean.seg SnakeLean.bicategorySup SnakeLean.IsNormal SnakeLean.upSeg SnakeLean.SupOf SnakeLean.segIncl SnakeLean.SupOf.carrier SnakeLean.categoryStructSup SnakeLean.hasBizeroSup SnakeLean.upProj SnakeLean.LatticeClass	SnakeLean.IsNormalMono SnakeLean.bijective_of_isEquiv1 SnakeLean.IsNormalEpi SnakeLean.IsTwoKernel SnakeLean.exists_isEquiv1_of_isTwoKernel SnakeLean.IsTwoCokernel SnakeLean.kerElt SnakeLean.transposes_of_factorisation SnakeLean.eq_of_iso_hom SnakeLean.exists_isEquiv1_of_isTwoCokernel SnakeLean.instFunLikeHom SnakeLean.IsEquiv1
SnakeLean.isEssNull_comp_isTwoMono_iff	SnakeLean.IsEssNull SnakeLean.IsStrong SnakeLean.HasBizero SnakeLean.IsTwoMono	SnakeLean.IsEssNull.of_comp_isTwoMono SnakeLean.IsEssNull.comp
SnakeLean.IsPureSnake	SnakeLean.HasBizero	SnakeLean.IsTwoKernel SnakeLean.IsTwoCokernel SnakeLean.IsSES SnakeLean.IsEquiv1
SnakeLean.Pentagon.not_isModularLattice	SnakeLean.Pentagon.instLattice SnakeLean.Pentagon	SnakeLean.Pentagon.y SnakeLean.Transposes SnakeLean.Pentagon.not_transposes_z_y SnakeLean.isModularLattice_iff_forall_transposes SnakeLean.Pentagon.z
SnakeLean.snakeSpecial_of_dpn	SnakeLean.DPN SnakeLean.NormalEpiComp SnakeLean.IsStrong SnakeLean.HasBizero SnakeLean.SnakeSpecial SnakeLean.TwoZExact	SnakeLean.exists_snakeConnectingNSD SnakeLean.IsTwoKernel SnakeLean.IsNormal SnakeLean.MorphismSES SnakeLean.IsTwoCokernel SnakeLean.MorphismSES.f SnakeLean.MorphismSES.h SnakeLean.MorphismSES.g SnakeLean.IsSES
SnakeLean.NormalMonoComp.recOn	SnakeLean.IsNormalMono SnakeLean.NormalMonoComp SnakeLean.HasBizero SnakeLean.NormalMonoComp.mk	SnakeLean.NormalMonoComp.rec
SnakeLean.IsTwoKernel.isTwoMono	SnakeLean.IsTwoKernel SnakeLean.HasBizero SnakeLean.IsTwoMono	
SnakeLean.transposes_of_le	SnakeLean.Transposes	
SnakeLean.isNormal_segIncl_comp_upProj	SnakeLean.zeroSup SnakeLean.SupOf.completeLattice SnakeLean.Transposes SnakeLean.seg SnakeLean.bicategorySup SnakeLean.IsNormal SnakeLean.upSeg SnakeLean.SupOf SnakeLean.segIncl SnakeLean.SupOf.carrier SnakeLean.categoryStructSup SnakeLean.hasBizeroSup SnakeLean.upProj SnakeLean.LatticeClass	SnakeLean.IsNormalMono SnakeLean.IsNormalMono.isEquiv1_comp SnakeLean.isStrongSup SnakeLean.IsNormalEpi SnakeLean.IsTwoKernel SnakeLean.isTwoKernel_upProj_segIncl SnakeLean.isTwoCokernel_segIncl_upProj SnakeLean.IsTwoCokernel SnakeLean.isEquiv1_orderIsoHom SnakeLean.orderIsoHom SnakeLean.strictSup SnakeLean.transposeIso SnakeLean.instFunLikeHom
SnakeLean.LatticeClass.mem_iic	SnakeLean.LatticeClass SnakeLean.LatticeClass.Mem	
CategoryTheory.IsSerreQuotient.essSurj	CategoryTheory.IsSerreQuotient	
SnakeLean.le_of_twoCell	SnakeLean.SupOf.completeLattice SnakeLean.bicategorySup SnakeLean.SupOf SnakeLean.SupOf.carrier SnakeLean.categoryStructSup SnakeLean.LatticeClass SnakeLean.instFunLikeHom	SnakeLean.instPartialOrderHom
SnakeLean.SnakeHalf.mk	SnakeLean.IsTwoKernel SnakeLean.HasBizero SnakeLean.SnakeHalf SnakeLean.IsNormal SnakeLean.IsTwoEpi SnakeLean.IsTwoCokernel SnakeLean.IsEquiv1	
SnakeLean.isNormal_pentagon_dinversion	SnakeLean.zeroSup SnakeLean.Pentagon.y SnakeLean.seg SnakeLean.bicategorySup SnakeLean.IsNormal SnakeLean.upSeg SnakeLean.SupOf SnakeLean.segIncl SnakeLean.categoryStructSup SnakeLean.Pentagon.z SnakeLean.pentagonSup SnakeLean.hasBizeroSup SnakeLean.allClass SnakeLean.upProj	SnakeLean.SupOf.completeLattice SnakeLean.Transposes SnakeLean.isNormal_segIncl_comp_upProj_iff SnakeLean.Pentagon.transposes_y_z SnakeLean.SupOf.carrier
SnakeLean.nsfl_isNormalEpi'	SnakeLean.HasTwoCokernel SnakeLean.IsStrong SnakeLean.IsNormalEpi SnakeLean.HasBizero SnakeLean.IsNormal SnakeLean.IsTwoEpi SnakeLean.MorphismSES SnakeLean.MorphismSES.f SnakeLean.MorphismSES.h SnakeLean.MorphismSES.g SnakeLean.IsSES	SnakeLean.IsSES.isTwoCokernel SnakeLean.nsfl_isNormalEpi SnakeLean.isTwoCokernel_twoCokernel SnakeLean.twoCokernelObj SnakeLean.twoCokernel
SnakeLean.SnakeHalf.θz	SnakeLean.SnakeHalf.Q SnakeLean.SnakeHalf.q SnakeLean.SnakeHalf.KT SnakeLean.HasBizero SnakeLean.SnakeHalf.CB SnakeLean.SnakeHalf SnakeLean.SnakeHalf.z SnakeLean.SnakeHalf.mt SnakeLean.SnakeHalf.qi	
SnakeLean.NormalChainComplex.obj	SnakeLean.HasBizero SnakeLean.NormalChainComplex	
CategoryTheory.ObjectProperty.instHasCokernelsFullSubcategory_snakeLean		CategoryTheory.ObjectProperty.instHasCoequalizersFullSubcategory_snakeLean
SnakeLean.comp_apply'	SnakeLean.SupOf SnakeLean.SupOf.carrier SnakeLean.categoryStructSup SnakeLean.LatticeClass SnakeLean.instFunLikeHom	
CategoryTheory.ObjectProperty.SQEssential		CategoryTheory.ObjectProperty.HasNonzeroSub CategoryTheory.IsSubquotient
CategoryTheory.ObjectProperty.annBy		
TwoVertex.nOne	TwoVertex.lam	TwoVertex.e₂ TwoVertex.al
SnakeLean.isModularLattice_of_twoDiExact	SnakeLean.zeroSup SnakeLean.SupOf.completeLattice SnakeLean.TwoDiExact SnakeLean.bicategorySup SnakeLean.SupOf SnakeLean.SupOf.carrier SnakeLean.hasBizeroSup SnakeLean.LatticeClass	SnakeLean.isAntinormal_comp SnakeLean.IsTwoKernel SnakeLean.Transposes SnakeLean.isTwoKernel_upProj_segIncl SnakeLean.seg SnakeLean.isTwoCokernel_segIncl_upProj SnakeLean.isNormal_segIncl_comp_upProj_iff SnakeLean.IsNormal SnakeLean.upSeg SnakeLean.segIncl SnakeLean.isModularLattice_of_forall_transposes SnakeLean.IsTwoCokernel SnakeLean.categoryStructSup SnakeLean.upProj SnakeLean.TwoDiExact.isNormal_of_isAntinormal
SnakeLean.exists_normalImageMap	SnakeLean.IsStrong SnakeLean.HasBizero SnakeLean.IsTwoMono SnakeLean.IsTwoCokernel	SnakeLean.IsEssNull.of_iso SnakeLean.IsEssNull SnakeLean.IsTwoEpi.preimageIso SnakeLean.IsEssNull.of_comp_isTwoMono SnakeLean.IsEssNull.comp SnakeLean.IsTwoCokernel.isEssNull_comp SnakeLean.IsTwoCokernel.fac SnakeLean.IsTwoCokernel.isTwoEpi
SnakeLean.kerAbCatOf	SnakeLean.AbCatClass SnakeLean.bicategoryAbCatOf SnakeLean.AbCatOf	SnakeLean.subAbCatOf SnakeLean.instIsSerreClassCarrierKerProp SnakeLean.kerProp
SnakeLean.AbCatOf.recOn	SnakeLean.AbCatClass SnakeLean.AbCatClass.Mem SnakeLean.AbCatOf.mk SnakeLean.AbCatOf	SnakeLean.AbCatOf.rec
SnakeLean.AbCatHom.noConfusion	SnakeLean.AbCatHom.noConfusionType SnakeLean.AbCatClass SnakeLean.AbCatOf SnakeLean.AbCatHom	SnakeLean.AbCatOf.category SnakeLean.AbCatHom.casesOn SnakeLean.AbCatOf.carrier SnakeLean.AbCatOf.abelian
SnakeLean.AbCatOf.category	SnakeLean.AbCatClass SnakeLean.AbCatOf.carrier SnakeLean.AbCatOf	
SnakeLean.IsTwoCokernel.fac	SnakeLean.IsEssNull SnakeLean.HasBizero SnakeLean.IsTwoCokernel	
SnakeLean.isNormalEpi_op	SnakeLean.IsNormalMono SnakeLean.IsNormalEpi SnakeLean.HasBizero SnakeLean.bizeroOp	SnakeLean.IsTwoKernel SnakeLean.IsTwoCokernel SnakeLean.isTwoCokernel_op
SnakeLean.Pentagon.ofNat	SnakeLean.Pentagon	SnakeLean.Pentagon.y SnakeLean.Pentagon.bot SnakeLean.Pentagon.z SnakeLean.Pentagon.x SnakeLean.Pentagon.top
SnakeLean.isTwoKernel_of_op	SnakeLean.IsTwoKernel SnakeLean.HasBizero SnakeLean.IsTwoCokernel SnakeLean.bizeroOp	SnakeLean.IsEssNull SnakeLean.IsTwoKernel.mk SnakeLean.isEssNull_op SnakeLean.isTwoMono_of_isTwoEpi_op SnakeLean.IsTwoCokernel.isEssNull_comp SnakeLean.IsTwoCokernel.fac SnakeLean.IsTwoCokernel.isTwoEpi SnakeLean.isEssNull_of_op
SnakeLean.SnakeTop.isNormalEpi_r	SnakeLean.IsNormalEpi SnakeLean.HasBizero SnakeLean.SnakeTop.r SnakeLean.SnakeTop.I SnakeLean.SnakeTop	
SnakeLean.NormalChainComplex.rec	SnakeLean.IsEssNull SnakeLean.HasBizero SnakeLean.IsNormal SnakeLean.NormalChainComplex SnakeLean.NormalChainComplex.mk	
SnakeLean.Pentagon.instPartialOrder	SnakeLean.Pentagon	SnakeLean.Pentagon.instLE
SnakeLean.Pentagon.instLattice	SnakeLean.Pentagon	SnakeLean.Pentagon.sup SnakeLean.Pentagon.inf SnakeLean.Pentagon.instPartialOrder
SnakeLean.IsHSD	SnakeLean.HasBizero	SnakeLean.IsTwoKernel SnakeLean.IsNormal SnakeLean.IsTwoCokernel SnakeLean.IsZeroAntinormal
SnakeLean.LatticeClass.mk.sizeOf_spec	SnakeLean.LatticeClass.mk SnakeLean.iciCompleteLattice SnakeLean.LatticeClass	
SnakeLean.PureSnakeComparison.isNormal_dinversion	SnakeLean.IsStrong SnakeLean.IsTwoKernel SnakeLean.HasBizero SnakeLean.IsNormal SnakeLean.IsTwoCokernel SnakeLean.PureSnakeComparison	SnakeLean.PureSnakeComparison.isEquiv1 SnakeLean.PureSnakeComparison.j SnakeLean.isNormal_iff_isEquiv1_comparison SnakeLean.PureSnakeComparison.θ SnakeLean.IsEquiv1
CategoryTheory.ObjectProperty.instIsSerreClassModuleCatOfFG	CategoryTheory.ObjectProperty.ofFG	CategoryTheory.ObjectProperty.instContainsZeroModuleCatOfFG CategoryTheory.ObjectProperty.instIsClosedUnderSubobjectsModuleCatOfFG CategoryTheory.ObjectProperty.instIsClosedUnderExtensionsModuleCatOfFG CategoryTheory.ObjectProperty.instIsClosedUnderQuotientsModuleCatOfFG
SnakeLean.isExactAt_iff	SnakeLean.IsNormalMono SnakeLean.IsStrong SnakeLean.IsNormalEpi SnakeLean.IsTwoKernel SnakeLean.HasBizero SnakeLean.IsExactAt	SnakeLean.imageFactorisation_unique SnakeLean.IsTwoCokernel SnakeLean.IsTwoCokernel.isTwoEpi SnakeLean.IsTwoKernel.isTwoMono SnakeLean.IsTwoKernel.of_isEquiv1_comp SnakeLean.IsEquiv1 SnakeLean.IsTwoKernel.of_iso_right
SnakeLean.NormalChainComplex.ctorIdx	SnakeLean.HasBizero SnakeLean.NormalChainComplex	
SnakeLean.isTwoCokernel_twoCoim	SnakeLean.HasBizero SnakeLean.IsTwoCokernel SnakeLean.TwoZExact.toHasTwoKernel SnakeLean.twoKernelObj SnakeLean.TwoZExact SnakeLean.twoCoim SnakeLean.twoKernel SnakeLean.twoCoimObj	SnakeLean.isTwoCokernel_twoCokernel SnakeLean.TwoZExact.toHasTwoCokernel
SnakeLean.AbCatOf.mk.noConfusion	SnakeLean.AbCatClass SnakeLean.AbCatClass.Mem SnakeLean.AbCatOf.mk SnakeLean.AbCatOf	SnakeLean.AbCatOf.noConfusion
isNoetherianObject_of_fullyFaithful		
SnakeLean.isTwoKernel_of_isBipullback	SnakeLean.IsStrong SnakeLean.IsTwoKernel SnakeLean.HasBizero SnakeLean.HasBizero.fromZero SnakeLean.IsBipullback	SnakeLean.null_hom_ext SnakeLean.IsEssNull SnakeLean.squareIso SnakeLean.IsTwoKernel.mk SnakeLean.IsBipullback.fac SnakeLean.IsNull.nonempty_iso SnakeLean.IsBipullback.ext SnakeLean.IsNull SnakeLean.IsTwoMono.mk SnakeLean.IsStrong.nonempty_hom SnakeLean.isNull_to SnakeLean.HasBizero.toZero
SnakeLean.IsCofaithful₁.mk	SnakeLean.IsCofaithful₁	
SnakeLean.ZeroCat.instHasZeroObject	SnakeLean.ZeroCat SnakeLean.ZeroCat.category	SnakeLean.ZeroCat.isZero
SnakeLean.DPN.rec	SnakeLean.IsNormalMono SnakeLean.DPN.mk SnakeLean.DPN SnakeLean.IsNormalEpi SnakeLean.IsTwoKernel SnakeLean.HasBizero SnakeLean.IsNormal SnakeLean.IsTwoCokernel	
SnakeLean.not_twoDiExact_supAll	SnakeLean.zeroSup SnakeLean.TwoDiExact SnakeLean.bicategorySup SnakeLean.SupOf SnakeLean.hasBizeroSup SnakeLean.allClass	SnakeLean.Pentagon.not_isModularLattice SnakeLean.twoDiExact_iff_forall_isModularLattice SnakeLean.SupOf.completeLattice SnakeLean.SupOf.carrier SnakeLean.pentagonSup
SnakeLean.nonempty_zero1_comp	SnakeLean.IsStrong SnakeLean.zero1 SnakeLean.HasBizero	SnakeLean.isNull_from SnakeLean.IsNull.nonempty_iso SnakeLean.HasBizero.toZero SnakeLean.HasBizero.fromZero
TwoVertex.KK_isoModSerre_spanG	TwoVertex.lam TwoVertex.instIsSerreClassModuleCatSubtypeMatrixFinOfNatNatMemSubalgebraLamKK TwoVertex.spanD TwoVertex.spanG TwoVertex.KK	TwoVertex.e₂ TwoVertex.e₂_smul_mem_nTwo CategoryTheory.ObjectProperty.instIsClosedUnderQuotientsModuleCatAnnBy TwoVertex.nTwo
SnakeLean.IsZeroAntinormal.isTwoKernel_of_isTwoCokernel	SnakeLean.IsStrong SnakeLean.IsTwoKernel SnakeLean.HasBizero SnakeLean.IsTwoCokernel SnakeLean.IsZeroAntinormal	SnakeLean.IsNormalMono SnakeLean.IsTwoKernel.of_isTwoCokernel SnakeLean.IsZeroAntinormal.isNormalMono
CategoryTheory.Bicategory.precomp.eq_1		
SnakeLean.NormalChainComplex.mk.noConfusion	SnakeLean.IsEssNull SnakeLean.HasBizero SnakeLean.IsNormal SnakeLean.NormalChainComplex SnakeLean.NormalChainComplex.mk	SnakeLean.NormalChainComplex.noConfusion
SnakeLean.IsNull.eq_id	SnakeLean.IsStrong SnakeLean.IsNull	SnakeLean.IsStrong.subsingleton_hom
SnakeLean.PureSnakeComparison.nonempty_iso	SnakeLean.HasBizero SnakeLean.PureSnakeComparison.j SnakeLean.IsTwoMono SnakeLean.IsTwoEpi SnakeLean.PureSnakeComparison	SnakeLean.PureSnakeComparison.θ SnakeLean.comparison_unique
SnakeLean.modularPair_of_isModularLattice	SnakeLean.ModularPair	
SnakeLean.precompMapIso		
CategoryTheory.ObjectProperty.instIsClosedUnderSubobjectsModuleCatOfFG	CategoryTheory.ObjectProperty.ofFG	
CategoryTheory.ObjectProperty.serreJoin_le	CategoryTheory.ObjectProperty.serreJoin	
SnakeLean.ZeroCat.category	SnakeLean.ZeroCat	
SnakeLean.exists_form_of_isAntinormal	SnakeLean.zeroSup SnakeLean.seg SnakeLean.bicategorySup SnakeLean.upSeg SnakeLean.SupOf SnakeLean.segIncl SnakeLean.SupOf.carrier SnakeLean.categoryStructSup SnakeLean.IsAntinormal SnakeLean.hasBizeroSup SnakeLean.upProj SnakeLean.LatticeClass SnakeLean.IsEquiv1	SnakeLean.IsNormalMono SnakeLean.IsNormalEpi SnakeLean.SupOf.completeLattice SnakeLean.IsTwoKernel SnakeLean.exists_isEquiv1_of_isTwoKernel SnakeLean.IsTwoCokernel SnakeLean.kerElt SnakeLean.eq_of_iso_hom SnakeLean.exists_isEquiv1_of_isTwoCokernel SnakeLean.instFunLikeHom
SnakeLean.exists_rho	SnakeLean.IsStrong SnakeLean.IsHSD SnakeLean.IsTwoKernel SnakeLean.HasBizero SnakeLean.IsTwoCokernel SnakeLean.IsSES	SnakeLean.PureSnakeComparison.isEquiv1 SnakeLean.PureSnakeComparison.j SnakeLean.PureSnakeComparison.θ SnakeLean.IsTwoCokernel.comp_isEquiv1 SnakeLean.PureSnakeComparison SnakeLean.pureSnakeComparison
SnakeLean.isNormalMono_of_isBipullback	SnakeLean.IsNormalMono SnakeLean.IsStrong SnakeLean.HasBizero SnakeLean.IsTwoMono SnakeLean.IsBipullback	SnakeLean.IsTwoKernel SnakeLean.isTwoKernel_of_isBipullback_of_isTwoKernel
SnakeLean.exists_snakeGeneralNSD'	SnakeLean.IsNormalMono SnakeLean.DPN SnakeLean.IsStrong SnakeLean.IsNormalEpi SnakeLean.NormalMonoComp SnakeLean.IsTwoKernel SnakeLean.HasBizero SnakeLean.IsNormal SnakeLean.MorphismSES SnakeLean.IsExactAt SnakeLean.IsTwoCokernel SnakeLean.MorphismSES.f SnakeLean.TwoZExact SnakeLean.MorphismSES.h SnakeLean.MorphismSES.g	SnakeLean.isNormalMono_op SnakeLean.isTwoKernel_op SnakeLean.isNormalEpi_op SnakeLean.MorphismSES.op SnakeLean.strictOp SnakeLean.isNormal_of_op SnakeLean.isStrongOp SnakeLean.bizeroOp SnakeLean.isNormal_op SnakeLean.isExactAt_of_op SnakeLean.exists_snakeGeneralNSD SnakeLean.IsExactAt.isNormal SnakeLean.normalEpiCompOp SnakeLean.twoZExactOp SnakeLean.isTwoCokernel_op SnakeLean.dpnOp
SnakeLean.IsSES.isTrivial_iff_isEquiv1	SnakeLean.IsStrong SnakeLean.HasBizero SnakeLean.IsTrivial SnakeLean.IsSES SnakeLean.IsEquiv1	SnakeLean.IsSES.isTwoCokernel SnakeLean.IsSES.isTwoKernel SnakeLean.IsEssNull.of_iso SnakeLean.IsEssNull SnakeLean.IsTwoEpi.preimageIso SnakeLean.IsEssNull.of_comp_isTwoMono SnakeLean.IsEssNull.comp SnakeLean.IsTrivial.isEssNull_out SnakeLean.IsTwoCokernel.fac SnakeLean.IsTwoCokernel.isTwoEpi SnakeLean.IsTwoKernel.isTwoMono SnakeLean.IsTwoKernel.isEssNull_comp
SnakeLean.transpositionSymmetric_orderDual	SnakeLean.TranspositionSymmetric	SnakeLean.transposes_toDual SnakeLean.Transposes
SnakeLean.isNormalEpi_op_iff	SnakeLean.IsNormalMono SnakeLean.IsNormalEpi SnakeLean.HasBizero SnakeLean.bizeroOp	SnakeLean.isNormalEpi_op SnakeLean.isNormalMono_of_op
SnakeLean.NormalChainComplex.noConfusion	SnakeLean.HasBizero SnakeLean.NormalChainComplex.noConfusionType SnakeLean.NormalChainComplex	SnakeLean.IsEssNull SnakeLean.IsNormal SnakeLean.NormalChainComplex.casesOn
SnakeLean.Pentagon.x.sizeOf_spec	SnakeLean.Pentagon SnakeLean.Pentagon.x	
SnakeLean.precompCompIso		
SnakeLean.LatticeClass		
SnakeLean.isTwoMono_of_isTwoEpi_op	SnakeLean.IsTwoMono SnakeLean.IsTwoEpi	SnakeLean.IsTwoMono.mk SnakeLean.IsTwoEpi.full SnakeLean.IsTwoEpi.faithful
SnakeLean.isTrivial_of_isTwoMono_ladder	SnakeLean.IsStrong SnakeLean.IsTwoKernel SnakeLean.HasBizero SnakeLean.IsTwoMono SnakeLean.IsTrivial	SnakeLean.IsEssNull.of_iso SnakeLean.IsEssNull SnakeLean.IsTwoKernel.fac SnakeLean.IsEssNull.of_comp_isTwoMono SnakeLean.IsEssNull.comp SnakeLean.IsTwoKernel.isTwoMono SnakeLean.IsTwoKernel.isEssNull_comp
SnakeLean.ZeroCat.instAbelian	SnakeLean.ZeroCat SnakeLean.ZeroCat.category	SnakeLean.ZeroCat.instPreadditive SnakeLean.ZeroCat.instHasFiniteProducts
SnakeLean.isNormalEpi_iff	SnakeLean.IsStrong SnakeLean.IsNormalEpi SnakeLean.HasBizero SnakeLean.IsNormal SnakeLean.IsTwoEpi SnakeLean.IsTwoCokernel	SnakeLean.IsNormalMono SnakeLean.isTwoKernel_op SnakeLean.isNormalMono_iff SnakeLean.isNormal_op_iff SnakeLean.isTwoMono_op_iff SnakeLean.strictOp SnakeLean.IsTwoMono SnakeLean.isStrongOp SnakeLean.bizeroOp SnakeLean.isNormalMono_op_iff
TwoVertex.sc	TwoVertex.lam	
CategoryTheory.IsSubquotient.of_epi	CategoryTheory.IsSubquotient	
SnakeLean.IsZeroAntinormal.isNormalEpi	SnakeLean.IsNormalEpi SnakeLean.HasBizero SnakeLean.IsZeroAntinormal	
SnakeLean.IsSES.mk	SnakeLean.IsTwoKernel SnakeLean.HasBizero SnakeLean.IsTwoCokernel SnakeLean.IsSES	
SnakeLean.IsTwoMono.faithful	SnakeLean.IsTwoMono	
SnakeLean.PureSnakeComparison.isEquiv1	SnakeLean.HasBizero SnakeLean.PureSnakeComparison.j SnakeLean.PureSnakeComparison SnakeLean.IsEquiv1	
TwoVertex.nTwo	TwoVertex.lam	TwoVertex.al
TwoVertex.nOne_mem_KK	TwoVertex.lam TwoVertex.e₂ TwoVertex.nOne	TwoVertex.al
SnakeLean.IsTwoMono.rec	SnakeLean.IsTwoMono SnakeLean.IsTwoMono.mk	
SnakeLean.IsAntinormal	SnakeLean.HasBizero	SnakeLean.IsNormalMono SnakeLean.IsNormalEpi
SnakeLean.instPreservesColimitsOfShapeZeroCatFromZeroFunctor	SnakeLean.ZeroCat SnakeLean.ZeroCat.category SnakeLean.fromZeroFunctor	SnakeLean.instPreservesColimitZeroCatFromZeroFunctor
SnakeLean.PureSnakeComparison.rec	SnakeLean.PureSnakeComparison.mk SnakeLean.HasBizero SnakeLean.PureSnakeComparison SnakeLean.IsEquiv1	
SnakeLean.isTwoKernel_imgMapDual	SnakeLean.IsStrong SnakeLean.IsTwoKernel SnakeLean.HasBizero SnakeLean.IsTwoMono	SnakeLean.isTwoCokernel_imgMap SnakeLean.isTwoKernel_of_op SnakeLean.isTwoEpi_op SnakeLean.strictOp SnakeLean.isStrongOp SnakeLean.bizeroOp SnakeLean.isTwoCokernel_op
SnakeLean.isNormalEpi_of_op	SnakeLean.IsNormalMono SnakeLean.IsNormalEpi SnakeLean.HasBizero SnakeLean.bizeroOp	SnakeLean.isTwoCokernel_of_op SnakeLean.IsTwoKernel SnakeLean.IsTwoCokernel
SnakeLean.DualModularPair		
SnakeLean.isModularLattice_of_transpositionSymmetric_of_krullDim.match_1_1		
SnakeLean.instFunLikeHom	SnakeLean.SupOf SnakeLean.SupOf.carrier SnakeLean.categoryStructSup SnakeLean.LatticeClass	SnakeLean.SupOf.completeLattice
CategoryTheory.ObjectProperty.le_serreJoin_right	CategoryTheory.ObjectProperty.serreJoin	
SnakeLean.transposeInv		
SnakeLean.IsExactAt.op	SnakeLean.IsStrong SnakeLean.HasBizero SnakeLean.IsNormal SnakeLean.IsExactAt SnakeLean.bizeroOp	SnakeLean.IsNormalMono SnakeLean.isTwoKernel_op SnakeLean.isNormalEpi_op SnakeLean.IsNormalEpi SnakeLean.IsTwoKernel SnakeLean.IsTwoCokernel SnakeLean.IsSES SnakeLean.exactness_tfae
SnakeLean.apply_eq_bot_of_isNull	SnakeLean.zeroSup SnakeLean.SupOf.completeLattice SnakeLean.IsNull SnakeLean.bicategorySup SnakeLean.SupOf SnakeLean.SupOf.carrier SnakeLean.categoryStructSup SnakeLean.LatticeClass SnakeLean.instFunLikeHom	SnakeLean.instBotHomClassHom
SnakeLean.IsBipullback.ext	SnakeLean.squareIso SnakeLean.IsBipullback	
SnakeLean.isTrivial_op	SnakeLean.IsTrivial	SnakeLean.isEssNull_op
SnakeLean.twoTermObj.match_1		
SnakeLean.twoImgObj	SnakeLean.HasBizero SnakeLean.TwoZExact	SnakeLean.twoCokernelObj SnakeLean.twoKernelObj SnakeLean.TwoZExact.toHasTwoCokernel SnakeLean.twoCokernel
SnakeLean.isNormalEpi_twoCoim	SnakeLean.IsNormalEpi SnakeLean.HasBizero SnakeLean.TwoZExact SnakeLean.twoCoim SnakeLean.twoCoimObj	SnakeLean.IsTwoCokernel SnakeLean.TwoZExact.toHasTwoKernel SnakeLean.twoKernelObj SnakeLean.isTwoCokernel_twoCoim SnakeLean.twoKernel
SnakeLean.IsNull		
SnakeLean.TwoDiExact.isNormal_of_isAntinormal	SnakeLean.HasBizero SnakeLean.TwoDiExact SnakeLean.IsNormal SnakeLean.IsAntinormal	
SnakeLean.isThirdIsoDual_iff_isThirdIso_op	SnakeLean.HasBizero SnakeLean.IsThirdIso SnakeLean.bizeroOp SnakeLean.IsThirdIsoDual	SnakeLean.isThirdIsoDual_of_isThirdIso_op SnakeLean.isThirdIso_op_of_isThirdIsoDual
SnakeLean.null_hom_ext	SnakeLean.IsStrong SnakeLean.IsNull	SnakeLean.IsStrong.subsingleton_hom
SnakeLean.transposes_iff	SnakeLean.ModularPair SnakeLean.DualModularPair SnakeLean.Transposes	SnakeLean.dualModularPair_iff SnakeLean.modularPair_iff
CategoryTheory.ObjectProperty.instContainsZeroModuleCatOfFG	CategoryTheory.ObjectProperty.ofFG	
CategoryTheory.ObjectProperty.TwoStepSK		
CategoryTheory.ObjectProperty.exists_le_prop_of_subEssential	CategoryTheory.ObjectProperty.SubEssential	CategoryTheory.ObjectProperty.prop_of_linearEquiv CategoryTheory.ObjectProperty.HasNonzeroSub
CategoryTheory.ObjectProperty.isSerreClass_map_ι	CategoryTheory.ObjectProperty.abelianFullSubcategory	CategoryTheory.ObjectProperty.instContainsZeroMapFullSubcategoryι_snakeLean CategoryTheory.ObjectProperty.instIsClosedUnderSubobjectsMapFullSubcategoryι_snakeLean CategoryTheory.ObjectProperty.instIsClosedUnderExtensionsMapFullSubcategoryι_snakeLean CategoryTheory.ObjectProperty.instIsClosedUnderQuotientsMapFullSubcategoryι_snakeLean
SnakeLean.nsfl_isNormalEpi	SnakeLean.IsStrong SnakeLean.IsNormalEpi SnakeLean.HasBizero SnakeLean.IsNormal SnakeLean.IsTwoEpi SnakeLean.MorphismSES SnakeLean.IsTwoCokernel SnakeLean.MorphismSES.f SnakeLean.MorphismSES.h SnakeLean.MorphismSES.g	SnakeLean.isTwoKernel_op SnakeLean.MorphismSES.op SnakeLean.isTwoMono_op SnakeLean.strictOp SnakeLean.isStrongOp SnakeLean.nsfl_isNormalMono SnakeLean.bizeroOp SnakeLean.isNormal_op SnakeLean.isNormalEpi_of_op
SnakeLean.HasTwoCokernel.casesOn	SnakeLean.HasTwoCokernel SnakeLean.HasTwoCokernel.mk SnakeLean.HasBizero SnakeLean.IsTwoCokernel	SnakeLean.HasTwoCokernel.rec
SnakeLean.nonempty_iso_snakeComparison_square	SnakeLean.IsEquiv1.inv SnakeLean.IsEquiv1	SnakeLean.nonempty_iso_inv_square
SnakeLean.IsTwoKernel.of_iso	SnakeLean.IsTwoKernel SnakeLean.HasBizero	SnakeLean.IsEssNull.of_iso SnakeLean.IsEssNull SnakeLean.IsTwoKernel.fac SnakeLean.IsTwoKernel.mk SnakeLean.IsTwoKernel.isTwoMono SnakeLean.IsTwoKernel.isEssNull_comp
SnakeLean.HasBizero.fromZero	SnakeLean.HasBizero	
CategoryTheory.IsSerreQuotient		
SnakeLean.isNull_zero1	SnakeLean.zero1 SnakeLean.HasBizero SnakeLean.IsNull	SnakeLean.HasBizero.toZero SnakeLean.HasBizero.fromZero
SnakeLean.SupOf.rec	SnakeLean.SupOf SnakeLean.SupOf.mk SnakeLean.LatticeClass SnakeLean.LatticeClass.Mem	
SnakeLean.isZeroAntinormal_img_coim	SnakeLean.IsNormalMono SnakeLean.IsEssNull SnakeLean.IsStrong SnakeLean.IsNormalEpi SnakeLean.HasBizero SnakeLean.IsZeroAntinormal	SnakeLean.IsTwoKernel SnakeLean.IsTwoCokernel SnakeLean.isEssNull_img_comp_coim SnakeLean.IsZeroAntinormal.mk SnakeLean.IsTwoCokernel.isTwoEpi SnakeLean.IsTwoKernel.isTwoMono
SnakeLean.instPreservesColimitsOfShapeZeroCat	SnakeLean.ZeroCat SnakeLean.ZeroCat.category	SnakeLean.preservesColimitsOfShape_toZeroCat
SnakeLean.ZeroCat.instHasFiniteProducts	SnakeLean.ZeroCat SnakeLean.ZeroCat.category	SnakeLean.ZeroCat.hasLimitsOfShape
SnakeLean.isTwoKernel_img	SnakeLean.IsNormalMono SnakeLean.IsStrong SnakeLean.IsTwoKernel SnakeLean.HasBizero SnakeLean.IsTwoEpi SnakeLean.IsTwoCokernel	SnakeLean.isTwoKernel_op SnakeLean.isNormalEpi_op SnakeLean.isTwoMono_op SnakeLean.isTwoKernel_of_op SnakeLean.strictOp SnakeLean.isTwoCokernel_coim SnakeLean.isStrongOp SnakeLean.bizeroOp
SnakeLean.exists_snakeConnecting	SnakeLean.IsStrong SnakeLean.IsTwoKernel SnakeLean.HasBizero SnakeLean.TwoDiExact SnakeLean.IsNormal SnakeLean.MorphismSES SnakeLean.IsTwoCokernel SnakeLean.MorphismSES.f SnakeLean.TwoZExact SnakeLean.MorphismSES.h SnakeLean.MorphismSES.g SnakeLean.IsSES SnakeLean.IsEquiv1	SnakeLean.IsTwoEpi.comp SnakeLean.IsNormalMono SnakeLean.SnakeHalf.r SnakeLean.IsSES.isTwoCokernel SnakeLean.IsSES.isTwoKernel SnakeLean.SnakeHalf.ψd SnakeLean.isTwoCokernel_of_op SnakeLean.isTwoKernel_op SnakeLean.isNormalEpi_op SnakeLean.SnakeHalf.Q SnakeLean.SnakeHalf.dBar SnakeLean.SnakeHalf.hqi SnakeLean.SnakeHalf.isNormal_bBar SnakeLean.isSES_imgRow SnakeLean.SnakeHalf.q SnakeLean.IsEquiv1.isEquiv1_inv SnakeLean.SnakeHalf.KT SnakeLean.MorphismSES.φK SnakeLean.SnakeHalf.hq SnakeLean.IsNormalEpi SnakeLean.SnakeHalf.t SnakeLean.PureSnakeComparison.isEquiv1 SnakeLean.isTwoKernel_of_op SnakeLean.IsTwoEpi.preimageIso SnakeLean.SnakeHalf.ψπ SnakeLean.isTwoEpi_of_comp SnakeLean.twoDiExactOp SnakeLean.strictOp SnakeLean.SnakeHalf.θt SnakeLean.IsEquiv1.comp SnakeLean.isTwoCokernel_coim SnakeLean.PureSnakeComparison.j SnakeLean.isNormal_of_op SnakeLean.SnakeHalf.hz SnakeLean.isSES_imgRowDual SnakeLean.SnakeHalf.hmt SnakeLean.SnakeHalf.CB SnakeLean.IsNormalEpi.isTwoEpi SnakeLean.SnakeHalf SnakeLean.isEquiv1_of_op SnakeLean.SnakeHalf.isTwoEpi_r SnakeLean.isTwoMono_of_isTwoEpi_op SnakeLean.isStrongOp SnakeLean.SnakeHalf.π SnakeLean.SnakeHalf.θ SnakeLean.IsTwoEpi.toIsCofaithful₁ SnakeLean.bizeroOp SnakeLean.SnakeHalf.z SnakeLean.isTwoMono_imgMap SnakeLean.IsTwoCokernel.isTwoEpi SnakeLean.SnakeHalf.I SnakeLean.IsTwoKernel.isTwoMono SnakeLean.img_square_of_coim_square SnakeLean.SnakeHalf.i SnakeLean.isHSD_of_twoDiExact SnakeLean.PureSnakeComparison SnakeLean.IsNormalMono.isTwoMono SnakeLean.coim_square_of_img_square SnakeLean.SnakeHalf.mt SnakeLean.snakeHalf SnakeLean.twoZExactOp SnakeLean.IsEquiv1.inv SnakeLean.isTwoCokernel_op SnakeLean.SnakeHalf.qi SnakeLean.pureSnakeComparison SnakeLean.IsTwoMono.preimageIso SnakeLean.isTwoKernel_img SnakeLean.MorphismSES.φQ
SnakeLean.HasBizero.ctorIdx	SnakeLean.HasBizero	
SnakeLean.isTwoEpi_op	SnakeLean.IsTwoMono SnakeLean.IsTwoEpi	SnakeLean.IsTwoMono.faithful SnakeLean.IsTwoEpi.mk SnakeLean.IsTwoMono.full
SnakeLean.exists_snakeConnectingNSD	SnakeLean.DPN SnakeLean.NormalEpiComp SnakeLean.IsStrong SnakeLean.IsTwoKernel SnakeLean.HasBizero SnakeLean.IsNormal SnakeLean.MorphismSES SnakeLean.IsTwoCokernel SnakeLean.MorphismSES.f SnakeLean.TwoZExact SnakeLean.MorphismSES.h SnakeLean.MorphismSES.g SnakeLean.IsSES SnakeLean.IsEquiv1	SnakeLean.IsNormalMono SnakeLean.IsSES.isTwoKernel SnakeLean.IsEssNull.of_iso SnakeLean.IsEssNull SnakeLean.isSES_of_isTwoCokernel SnakeLean.IsTwoKernel.fac SnakeLean.isTwoMono_of_comp SnakeLean.exists_normalMono_of_isNormal SnakeLean.exists_v SnakeLean.isSES_of_isTwoKernel SnakeLean.isTwoCokernel_twoCokernel SnakeLean.IsTwoMono.comp SnakeLean.nonempty_square_t SnakeLean.IsHSD SnakeLean.IsTwoCokernel.of_iso SnakeLean.IsNormalEpi SnakeLean.PureSnakeComparison.isEquiv1 SnakeLean.IsTwoEpi.preimageIso SnakeLean.exists_isEquiv1_cokernel_dinversion SnakeLean.isTwoCokernel_isTwoEpi_comp_iff SnakeLean.twoCokernelObj SnakeLean.isNormalEpi_t SnakeLean.IsEquiv1.comp SnakeLean.IsEssNull.comp SnakeLean.isTwoCokernel_coim SnakeLean.PureSnakeComparison.j SnakeLean.IsTwoKernel.of_iso SnakeLean.isTwoMono_twoKernel SnakeLean.isTwoKernel_kappa SnakeLean.IsNormalEpi.isTwoEpi SnakeLean.isTwoKernel_twoKernel SnakeLean.exists_bBarData SnakeLean.isTwoKernel_comp_isTwoMono_iff SnakeLean.TwoZExact.toHasTwoKernel SnakeLean.twoKernelObj SnakeLean.exists_lambda SnakeLean.TwoZExact.toHasTwoCokernel SnakeLean.IsTwoCokernel.fac SnakeLean.isEssNull_kg_comp SnakeLean.IsTwoCokernel.isTwoEpi SnakeLean.IsTwoMono.toIsFaithful₁ SnakeLean.IsTwoKernel.isTwoMono SnakeLean.twoCokernel SnakeLean.isNormal_cLower SnakeLean.twoKernel SnakeLean.PureSnakeComparison SnakeLean.IsNormalMono.isTwoMono SnakeLean.isNormal_c_comp_qg SnakeLean.isNormalEpi_comp_coim SnakeLean.isHSD_of_dpn SnakeLean.pureSnakeComparison SnakeLean.IsTwoKernel.isEssNull_comp SnakeLean.isTwoKernel_img SnakeLean.MorphismSES.φQ
SnakeLean.AbCatClass.all	SnakeLean.AbCatClass	SnakeLean.AbCatClass.mk
SnakeLean.isNormalEpi_imgMapDual	SnakeLean.IsNormalMono SnakeLean.IsStrong SnakeLean.IsNormalEpi SnakeLean.HasBizero SnakeLean.TwoDiExact SnakeLean.IsTwoMono SnakeLean.IsTwoEpi SnakeLean.TwoZExact	SnakeLean.isNormalMono_op SnakeLean.isNormalEpi_op SnakeLean.isNormalMono_of_op SnakeLean.isTwoMono_op SnakeLean.isTwoEpi_op SnakeLean.twoDiExactOp SnakeLean.strictOp SnakeLean.isStrongOp SnakeLean.isNormalMono_imgMap SnakeLean.bizeroOp SnakeLean.isNormalEpi_of_op SnakeLean.twoZExactOp
SnakeLean.exists_isEquiv1_upProj_comp	SnakeLean.SupOf.completeLattice SnakeLean.bicategorySup SnakeLean.upSeg SnakeLean.SupOf SnakeLean.SupOf.carrier SnakeLean.categoryStructSup SnakeLean.upProj SnakeLean.LatticeClass SnakeLean.IsEquiv1	SnakeLean.isEquiv1_orderIsoHom SnakeLean.orderIsoHom SnakeLean.instFunLikeHom
SnakeLean.IsStrong.nonempty_hom	SnakeLean.IsStrong SnakeLean.IsNull	
SnakeLean.isTwoEpi_id	SnakeLean.IsTwoEpi	SnakeLean.precompIdIso SnakeLean.IsTwoEpi.mk
SnakeLean.MorphismPure.ψc	SnakeLean.MorphismPure SnakeLean.MorphismPure.πX SnakeLean.MorphismPure.πY	
SnakeLean.AbCatClass.mk.inj	SnakeLean.ZeroCat SnakeLean.AbCatClass SnakeLean.ZeroCat.category CategoryTheory.ObjectProperty.abelianFullSubcategory SnakeLean.AbCatClass.mk SnakeLean.ZeroCat.instAbelian	SnakeLean.AbCatClass.mk.noConfusion
CategoryTheory.ObjectProperty.instIsClosedUnderQuotientsMapFullSubcategoryι_snakeLean	CategoryTheory.ObjectProperty.abelianFullSubcategory	CategoryTheory.ObjectProperty.instHasFiniteColimitsFullSubcategory_snakeLean CategoryTheory.ObjectProperty.prop_map_ι_iff CategoryTheory.ObjectProperty.preservesFiniteColimits_ι
TwoVertex.asymmetry	TwoVertex.lam TwoVertex.SS TwoVertex.instIsSerreClassModuleCatSubtypeMatrixFinOfNatNatMemSubalgebraLamKK CategoryTheory.ObjectProperty.serreSaturation TwoVertex.instIsSerreClassModuleCatSubtypeMatrixFinOfNatNatMemSubalgebraLamSS TwoVertex.KK	CategoryTheory.ObjectProperty.serreSaturation_le_serreJoin CategoryTheory.ObjectProperty.serreJoin CategoryTheory.ObjectProperty.isSerreClass_serreSaturation_iff TwoVertex.reg TwoVertex.serreSaturation_KK_SS CategoryTheory.ObjectProperty.serreSaturation_le TwoVertex.not_serreSaturation_SS_KK
SnakeLean.exists_isAntinormal_not_isNormal	SnakeLean.zeroSup SnakeLean.SupAll SnakeLean.bicategorySup SnakeLean.IsNormal SnakeLean.SupOf SnakeLean.categoryStructSup SnakeLean.IsAntinormal SnakeLean.hasBizeroSup SnakeLean.allClass	SnakeLean.Pentagon.y SnakeLean.not_isNormal_pentagon SnakeLean.isAntinormal_comp SnakeLean.IsTwoKernel SnakeLean.isTwoKernel_upProj_segIncl SnakeLean.seg SnakeLean.isTwoCokernel_segIncl_upProj SnakeLean.upSeg SnakeLean.segIncl SnakeLean.IsTwoCokernel SnakeLean.Pentagon.z SnakeLean.pentagonSup SnakeLean.upProj
SnakeLean.NormalChainComplex.isEssNull_comp	SnakeLean.IsEssNull SnakeLean.NormalChainComplex.d SnakeLean.HasBizero SnakeLean.NormalChainComplex SnakeLean.NormalChainComplex.obj	
SnakeLean.MorphismPure.exists_kerMapH	SnakeLean.IsStrong SnakeLean.MorphismPure SnakeLean.IsTwoKernel SnakeLean.HasBizero SnakeLean.MorphismPure.πC SnakeLean.IsTwoEpi	SnakeLean.MorphismPure.exists_piH SnakeLean.exists_kerMap SnakeLean.MorphismPure.πZ
CategoryTheory.ObjectProperty.instIsClosedUnderQuotientsInverseImage_snakeLean		
SnakeLean.IsNull.subsingleton_hom_of_isIso	SnakeLean.IsStrong SnakeLean.IsNull	SnakeLean.IsNull.eq_of_isIso
TwoVertex.lam_eq	TwoVertex.lam	
SnakeLean.PureSnakeComparison.ctorIdx	SnakeLean.HasBizero SnakeLean.PureSnakeComparison	
CategoryTheory.ObjectProperty.instIsClosedUnderExtensionsMapFullSubcategoryι_snakeLean	CategoryTheory.ObjectProperty.abelianFullSubcategory	CategoryTheory.ObjectProperty.instHasFiniteColimitsFullSubcategory_snakeLean CategoryTheory.ObjectProperty.prop_map_ι_iff CategoryTheory.ObjectProperty.preservesFiniteLimits_ι CategoryTheory.ObjectProperty.preservesFiniteColimits_ι CategoryTheory.ObjectProperty.instHasFiniteLimitsFullSubcategory_snakeLean
SnakeLean.isTwoCokernel_dinversion_of_ladder	SnakeLean.HasBizero SnakeLean.IsTwoCokernel SnakeLean.IsSES	SnakeLean.isTwoCokernel_of_op SnakeLean.isSES_op SnakeLean.strictOp SnakeLean.bizeroOp SnakeLean.isTwoKernel_dinversion_of_ladder
SnakeLean.IsTotallyNormalMono.comp	SnakeLean.HasBizero SnakeLean.IsTotallyNormalMono	
CategoryTheory.ObjectProperty.prop_of_subEssential	CategoryTheory.ObjectProperty.SubEssential	CategoryTheory.ObjectProperty.prop_of_shortExact CategoryTheory.ObjectProperty.prop_of_linearEquiv CategoryTheory.ObjectProperty.prop_quotient_of_mem_associatedPrimes exists_associatedPrimes_le_of_mem_support PrimeSpectrum.mem_support_of_mem_associatedPrimes CategoryTheory.ObjectProperty.prop_of_surjective
SnakeLean.Pentagon.instCompleteLattice	SnakeLean.Pentagon	SnakeLean.instFintypePentagon SnakeLean.Pentagon.instBoundedOrder SnakeLean.Pentagon.instLattice
SnakeLean.isEssNull_op	SnakeLean.IsEssNull	SnakeLean.IsNull SnakeLean.isNull_op
TwoVertex.instIsSerreClassModuleCatSubtypeMatrixFinOfNatNatMemSubalgebraLamKK	TwoVertex.lam TwoVertex.KK	TwoVertex.e₂ CategoryTheory.ObjectProperty.isSerreClass_annBy TwoVertex.isIdempotentElem_e₂
SnakeLean.SnakeHalf.hmt	SnakeLean.SnakeHalf.Q SnakeLean.SnakeHalf.KT SnakeLean.SnakeHalf.t SnakeLean.IsTwoKernel SnakeLean.HasBizero SnakeLean.SnakeHalf SnakeLean.SnakeHalf.mt	
SnakeLean.SnakeTop.mk.inj	SnakeLean.IsNormalMono SnakeLean.IsNormalEpi SnakeLean.HasBizero SnakeLean.SnakeTop SnakeLean.SnakeTop.mk	SnakeLean.SnakeTop.mk.noConfusion
SnakeLean.bicategoryAbCatOf	SnakeLean.AbCatClass SnakeLean.AbCatOf	SnakeLean.AbCatOf.category SnakeLean.AbCatOf.carrier SnakeLean.AbCatHom.mk SnakeLean.AbCatHom.functor SnakeLean.AbCatHom.category SnakeLean.AbCatHom
SnakeLean.IsTwoKernel.equivalence	SnakeLean.IsTwoKernel SnakeLean.HasBizero	SnakeLean.IsTwoKernel.isTwoMono SnakeLean.IsTwoMono.preimageIso
TwoVertex.instIsSerreClassModuleCatSubtypeMatrixFinOfNatNatMemSubalgebraLamSS	TwoVertex.lam TwoVertex.SS	TwoVertex.e₁ CategoryTheory.ObjectProperty.isSerreClass_annBy TwoVertex.isIdempotentElem_e₁
SnakeLean.IsNormalMono.isEquiv1_comp	SnakeLean.IsNormalMono SnakeLean.IsStrong SnakeLean.HasBizero SnakeLean.IsEquiv1	SnakeLean.IsTwoKernel SnakeLean.IsTwoKernel.isEquiv1_comp
SnakeLean.NormalChainComplex.isNormal	SnakeLean.NormalChainComplex.d SnakeLean.HasBizero SnakeLean.IsNormal SnakeLean.NormalChainComplex SnakeLean.NormalChainComplex.obj	
SnakeLean.isThirdIso_op_of_isThirdIsoDual	SnakeLean.HasBizero SnakeLean.IsThirdIso SnakeLean.bizeroOp SnakeLean.IsThirdIsoDual	SnakeLean.IsTotallyNormalMono.right SnakeLean.isSES_op SnakeLean.isTwoKernel_of_op SnakeLean.IsTotallyNormalMono.total SnakeLean.IsTotallyNormalMono.left SnakeLean.IsTotallyNormalEpi.mk SnakeLean.isThirdIso_op_of_isThirdIsoDual.match_1_1 SnakeLean.IsTwoCokernel SnakeLean.IsTotallyNormalMono.comp SnakeLean.isNormalEpi_of_op SnakeLean.isThirdIso_op_of_isThirdIsoDual.match_1_3 SnakeLean.IsTotallyNormalMono SnakeLean.IsSES
SnakeLean.IsStrong.casesOn	SnakeLean.IsStrong SnakeLean.IsStrong.mk SnakeLean.IsNull	SnakeLean.IsStrong.rec
SnakeLean.isTwoKernel_twoKernel	SnakeLean.IsTwoKernel SnakeLean.HasBizero SnakeLean.HasTwoKernel SnakeLean.twoKernelObj SnakeLean.twoKernel	SnakeLean.HasTwoKernel.exists_isTwoKernel
CategoryTheory.IsSerreQuotient.casesOn	CategoryTheory.IsSerreQuotient CategoryTheory.IsSerreQuotient.mk	CategoryTheory.IsSerreQuotient.rec
SnakeLean.IsBipullback.casesOn	SnakeLean.squareIso SnakeLean.IsBipullback.mk SnakeLean.IsBipullback	SnakeLean.IsBipullback.rec
exists_associatedPrimes_le_of_mem_support		
SnakeLean.IsTwoCokernel.iso_ext	SnakeLean.IsStrong SnakeLean.zero1 SnakeLean.HasBizero	SnakeLean.IsNull.iso_ext SnakeLean.isNull_zero1
SnakeLean.IsTwoKernel.mk	SnakeLean.IsEssNull SnakeLean.IsTwoKernel SnakeLean.HasBizero SnakeLean.IsTwoMono	
SnakeLean.SnakeTop.exists_t	SnakeLean.IsStrong SnakeLean.twoCokernelObj SnakeLean.HasBizero SnakeLean.SnakeTop.i SnakeLean.SnakeTop.I SnakeLean.SnakeTop SnakeLean.TwoZExact SnakeLean.TwoZExact.toHasTwoCokernel SnakeLean.twoCokernel	SnakeLean.SnakeTop.θi SnakeLean.IsEssNull.of_iso SnakeLean.IsEssNull.comp_left SnakeLean.isTwoCokernel_twoCokernel SnakeLean.IsTwoCokernel.isEssNull_comp SnakeLean.IsTwoCokernel.fac SnakeLean.SnakeTop.iBar
SnakeLean.isEquiv1_iff_isTrivial'	SnakeLean.IsNormalMono SnakeLean.HasTwoCokernel SnakeLean.IsStrong SnakeLean.IsNormalEpi SnakeLean.twoCokernelObj SnakeLean.HasBizero SnakeLean.HasTwoKernel SnakeLean.IsTrivial SnakeLean.twoKernelObj SnakeLean.IsEquiv1	SnakeLean.isTwoCokernel_twoCokernel SnakeLean.isTwoKernel_twoKernel SnakeLean.twoCokernel SnakeLean.twoKernel SnakeLean.isEquiv1_iff_isTrivial
SnakeLean.IsTwoCokernel.rec	SnakeLean.IsTwoCokernel.mk SnakeLean.IsEssNull SnakeLean.HasBizero SnakeLean.IsTwoEpi SnakeLean.IsTwoCokernel	
SnakeLean.NormalMonoComp	SnakeLean.HasBizero	
SnakeLean.isNormalEpi_locallyDiscrete_iff	SnakeLean.IsNormalEpi SnakeLean.hasBizeroLD SnakeLean.zeroLD	SnakeLean.IsNormalEpi.isTwoEpi SnakeLean.IsTwoEpi SnakeLean.isNormalEpi_of_epi SnakeLean.isTwoEpi_locallyDiscrete_iff
SnakeLean.isPureSnake_of_isHSD.match_1_1		
SnakeLean.Pentagon.bot.elim	SnakeLean.Pentagon.ctorIdx SnakeLean.Pentagon.bot SnakeLean.Pentagon	SnakeLean.Pentagon.ctorElim
SnakeLean.pureSnakeComparison	SnakeLean.IsStrong SnakeLean.IsHSD SnakeLean.IsTwoKernel SnakeLean.HasBizero SnakeLean.IsTwoCokernel SnakeLean.PureSnakeComparison SnakeLean.IsSES	SnakeLean.PureSnakeComparison.mk
SnakeLean.isNormal_of_isEssNull	SnakeLean.IsEssNull SnakeLean.IsStrong SnakeLean.HasBizero SnakeLean.IsNormal SnakeLean.TwoZExact	SnakeLean.IsNormalMono SnakeLean.isEquiv1_of_isTrivial SnakeLean.isTrivial_twoCokernelObj SnakeLean.IsEssNull.comp_left SnakeLean.isTwoCokernel_twoCokernel SnakeLean.IsNormalEpi SnakeLean.IsTwoKernel SnakeLean.zero1 SnakeLean.twoCokernelObj SnakeLean.IsEssNull.comp SnakeLean.isTwoKernel_twoKernel SnakeLean.IsTwoCokernel.comp_isEquiv1 SnakeLean.IsTwoCokernel SnakeLean.TwoZExact.toHasTwoKernel SnakeLean.isTrivial_twoKernelObj SnakeLean.isEssNull_iff SnakeLean.twoKernelObj SnakeLean.TwoZExact.toHasTwoCokernel SnakeLean.twoCokernel SnakeLean.twoKernel SnakeLean.isTwoMono_id SnakeLean.isEssNull_zero1 SnakeLean.isTwoEpi_id SnakeLean.IsEquiv1
SnakeLean.SnakeHalf.isTwoEpi_r	SnakeLean.SnakeHalf.r SnakeLean.HasBizero SnakeLean.SnakeHalf SnakeLean.IsTwoEpi SnakeLean.SnakeHalf.I	
SnakeLean.not_isNormal_pentagon	SnakeLean.zeroSup SnakeLean.Pentagon.y SnakeLean.seg SnakeLean.bicategorySup SnakeLean.IsNormal SnakeLean.upSeg SnakeLean.SupOf SnakeLean.segIncl SnakeLean.categoryStructSup SnakeLean.Pentagon.z SnakeLean.pentagonSup SnakeLean.hasBizeroSup SnakeLean.allClass SnakeLean.upProj	SnakeLean.SupOf.completeLattice SnakeLean.Transposes SnakeLean.Pentagon.not_transposes_z_y SnakeLean.isNormal_segIncl_comp_upProj_iff SnakeLean.SupOf.carrier
TwoVertex.al_mul_e₁	TwoVertex.lam TwoVertex.e₁ TwoVertex.al	
SnakeLean.isTwoEpi_of_comp	SnakeLean.IsTwoEpi SnakeLean.IsCofaithful₁	SnakeLean.IsCofaithful₁.faithful SnakeLean.IsTwoEpi.mk SnakeLean.precompMapIso SnakeLean.IsTwoEpi.full SnakeLean.IsTwoEpi.faithful SnakeLean.precompCompIso
SnakeLean.DPN.casesOn	SnakeLean.IsNormalMono SnakeLean.DPN.mk SnakeLean.DPN SnakeLean.IsNormalEpi SnakeLean.IsTwoKernel SnakeLean.HasBizero SnakeLean.IsNormal SnakeLean.IsTwoCokernel	SnakeLean.DPN.rec
SnakeLean.nonempty_iso_connecting_snake	SnakeLean.IsEquiv1.inv SnakeLean.IsEquiv1	SnakeLean.nonempty_iso_snakeComparison_square SnakeLean.nonempty_iso_connecting_square
SnakeLean.isTwoMono_imgMap	SnakeLean.IsTwoMono	SnakeLean.isTwoMono_of_comp SnakeLean.IsTwoMono.comp SnakeLean.IsTwoMono.toIsFaithful₁
SnakeLean.modularPair_iff_toDual	SnakeLean.ModularPair SnakeLean.DualModularPair	
SnakeLean.AbCatHom.additive	SnakeLean.AbCatOf.category SnakeLean.AbCatClass SnakeLean.AbCatOf.carrier SnakeLean.AbCatHom.functor SnakeLean.AbCatOf SnakeLean.AbCatHom SnakeLean.AbCatOf.abelian	
SnakeLean.Pentagon.toCtorIdx	SnakeLean.Pentagon	SnakeLean.Pentagon.ctorIdx
SnakeLean.isTrivial_of_op	SnakeLean.IsTrivial	SnakeLean.isEssNull_of_op
SnakeLean.IsTotallyNormalMono.recOn	SnakeLean.IsNormalMono SnakeLean.IsTotallyNormalMono.mk SnakeLean.HasBizero SnakeLean.IsTotallyNormalMono	SnakeLean.IsTotallyNormalMono.rec
SnakeLean.IsTwoEpi.coreflectsNull	SnakeLean.IsStrong SnakeLean.CoreflectsNull SnakeLean.HasBizero SnakeLean.IsTwoEpi	SnakeLean.IsEssNull SnakeLean.IsEssNull.of_comp_isTwoEpi
SnakeLean.SnakeTop.nonempty_iso_bBar	SnakeLean.HasBizero SnakeLean.SnakeTop.r SnakeLean.SnakeTop.I SnakeLean.SnakeTop SnakeLean.IsTwoMono SnakeLean.SnakeTop.iBar	SnakeLean.SnakeTop.θi SnakeLean.SnakeTop.i SnakeLean.SnakeTop.θ SnakeLean.IsTwoMono.preimageIso
SnakeLean.isTwoKernel_kappa	SnakeLean.IsStrong SnakeLean.IsTwoKernel SnakeLean.HasBizero SnakeLean.IsTwoMono SnakeLean.IsSES	SnakeLean.IsSES.isTwoKernel SnakeLean.isTwoMono_of_comp SnakeLean.IsTwoMono.comp SnakeLean.MorphismSES.φK SnakeLean.isBipullback_left_of_isTwoMono SnakeLean.MorphismSES.f SnakeLean.MorphismSES.h SnakeLean.IsTwoMono.toIsFaithful₁ SnakeLean.IsTwoKernel.isTwoMono SnakeLean.isTwoKernel_of_isBipullback_of_isTwoKernel SnakeLean.MorphismSES.g SnakeLean.MorphismSES.mk
TwoVertex.coe_add	TwoVertex.lam	
SnakeLean.isNormalEpi_kerComparison	SnakeLean.IsStrong SnakeLean.IsHSD SnakeLean.IsNormalEpi SnakeLean.IsTwoKernel SnakeLean.HasBizero SnakeLean.IsTwoCokernel	SnakeLean.isSES_of_isTwoCokernel SnakeLean.isSES_of_isTwoKernel SnakeLean.IsTwoCokernel.of_iso_right SnakeLean.PureSnakeComparison.isEquiv1 SnakeLean.PureSnakeComparison.j SnakeLean.PureSnakeComparison.θ SnakeLean.IsTwoCokernel.comp_isEquiv1 SnakeLean.IsTwoKernel.isTwoMono SnakeLean.PureSnakeComparison SnakeLean.pureSnakeComparison SnakeLean.IsTwoMono.preimageIso
SnakeLean.IsTwoKernel	SnakeLean.HasBizero	
SnakeLean.exists_normalMono_of_isNormal	SnakeLean.IsNormalMono SnakeLean.IsStrong SnakeLean.IsTwoKernel SnakeLean.HasBizero SnakeLean.IsNormal SnakeLean.IsTwoCokernel	SnakeLean.IsSES.isTwoCokernel SnakeLean.isSES_of_isTwoCokernel SnakeLean.IsNormalMono.isEquiv1_comp SnakeLean.IsNormalEpi SnakeLean.IsTwoEpi.preimageIso SnakeLean.IsTwoKernel.of_iso SnakeLean.IsNormalEpi.isTwoEpi SnakeLean.isTwoKernel_comp_isTwoMono_iff SnakeLean.IsTwoCokernel.isEssNull_comp SnakeLean.IsTwoCokernel.fac SnakeLean.IsTwoCokernel.isTwoEpi SnakeLean.IsNormalMono.isTwoMono
SnakeLean.isHomologySelfDual_of_isHSD	SnakeLean.IsStrong SnakeLean.IsHSD SnakeLean.HasBizero SnakeLean.IsHomologySelfDual	SnakeLean.IsNormalMono SnakeLean.NormalChainComplex.isNormal SnakeLean.isNormal_dinversion_of_isHSD SnakeLean.NormalChainComplex.d SnakeLean.NormalChainComplex.isEssNull_comp SnakeLean.IsNormalEpi SnakeLean.IsTwoKernel SnakeLean.isHomologySelfDual_of_isHSD.match_1_1 SnakeLean.isNormal_iff_isEquiv1_comparison SnakeLean.IsNormal SnakeLean.IsTwoCokernel SnakeLean.NormalChainComplex SnakeLean.NormalChainComplex.obj SnakeLean.IsEquiv1
SnakeLean.isEssNull_iff.match_1_1	SnakeLean.IsEssNull SnakeLean.IsNull	
SnakeLean.SnakeTop.mk.injEq	SnakeLean.IsNormalMono SnakeLean.IsNormalEpi SnakeLean.HasBizero SnakeLean.SnakeTop SnakeLean.SnakeTop.mk	SnakeLean.SnakeTop.mk.noConfusion
SnakeLean.SnakeHalf.π	SnakeLean.SnakeHalf.Q SnakeLean.HasBizero SnakeLean.SnakeHalf	
SnakeLean.twoCokernelObj	SnakeLean.HasTwoCokernel SnakeLean.HasBizero	SnakeLean.HasTwoCokernel.exists_isTwoCokernel SnakeLean.IsTwoCokernel
SnakeLean.isNormalMono_op_iff	SnakeLean.IsNormalMono SnakeLean.IsNormalEpi SnakeLean.HasBizero SnakeLean.bizeroOp	SnakeLean.isNormalMono_op SnakeLean.isNormalEpi_of_op
SnakeLean.isTwoMono_of_comp	SnakeLean.IsFaithful₁ SnakeLean.IsTwoMono	SnakeLean.IsTwoMono.faithful SnakeLean.postcompMapIso SnakeLean.postcompCompIso SnakeLean.IsTwoMono.mk SnakeLean.IsFaithful₁.faithful SnakeLean.IsTwoMono.full
CategoryTheory.ObjectProperty.isoModSerre_mono		
SnakeLean.kerIncl	SnakeLean.AbCatClass SnakeLean.bicategoryAbCatOf SnakeLean.AbCatOf SnakeLean.kerAbCatOf	SnakeLean.instIsSerreClassCarrierKerProp SnakeLean.kerProp SnakeLean.subIncl
SnakeLean.natural_comparison_unique	SnakeLean.IsTwoMono SnakeLean.IsTwoEpi	SnakeLean.IsTwoMono.faithful SnakeLean.IsTwoEpi.faithful
SnakeLean.LatticeClass.mem_punit	SnakeLean.LatticeClass SnakeLean.LatticeClass.Mem	
SnakeLean.IsZeroAntinormal.mk	SnakeLean.IsNormalMono SnakeLean.IsEssNull SnakeLean.IsNormalEpi SnakeLean.HasBizero SnakeLean.IsZeroAntinormal	
SnakeLean.isAntinormal_comp	SnakeLean.IsNormalMono SnakeLean.IsNormalEpi SnakeLean.HasBizero SnakeLean.IsAntinormal	
SnakeLean.isNormalMono_of_op	SnakeLean.IsNormalMono SnakeLean.IsNormalEpi SnakeLean.HasBizero SnakeLean.bizeroOp	SnakeLean.isTwoKernel_of_op SnakeLean.IsTwoKernel SnakeLean.IsTwoCokernel
SnakeLean.exists_snakeGeneralNSD	SnakeLean.IsNormalMono SnakeLean.DPN SnakeLean.NormalEpiComp SnakeLean.IsStrong SnakeLean.IsNormalEpi SnakeLean.IsTwoKernel SnakeLean.HasBizero SnakeLean.IsNormal SnakeLean.MorphismSES SnakeLean.IsExactAt SnakeLean.IsTwoCokernel SnakeLean.MorphismSES.f SnakeLean.TwoZExact SnakeLean.MorphismSES.h SnakeLean.MorphismSES.g	SnakeLean.exists_snakeGeneral_of_special SnakeLean.snakeSpecial_of_dpn SnakeLean.isHSD_of_dpn
SnakeLean.isNull_of_op	SnakeLean.IsNull	
SnakeLean.SnakeHalf.ψd	SnakeLean.SnakeHalf.dBar SnakeLean.HasBizero SnakeLean.SnakeHalf	
CategoryTheory.ObjectProperty.isSerreClass_inverseImage		CategoryTheory.ObjectProperty.instContainsZeroInverseImage_snakeLean CategoryTheory.ObjectProperty.instIsClosedUnderSubobjectsInverseImage_snakeLean CategoryTheory.ObjectProperty.instIsClosedUnderQuotientsInverseImage_snakeLean CategoryTheory.ObjectProperty.instIsClosedUnderExtensionsInverseImage_snakeLean
SnakeLean.isEquiv1_id	SnakeLean.IsEquiv1	
SnakeLean.IsTrivial		SnakeLean.IsEssNull
SnakeLean.isLowerModularLattice_of_transpositionSymmetric	SnakeLean.TranspositionSymmetric	SnakeLean.isUpperModularLattice_of_transpositionSymmetric SnakeLean.transpositionSymmetric_orderDual
SnakeLean.IsEquiv1.isNormalEpi	SnakeLean.IsStrong SnakeLean.IsNormalEpi SnakeLean.HasBizero SnakeLean.IsEquiv1	SnakeLean.IsTwoCokernel.of_iso_right SnakeLean.isTwoCokernel_id SnakeLean.zero1 SnakeLean.IsTwoCokernel.comp_isEquiv1 SnakeLean.IsTwoCokernel
SnakeLean.SnakeTop.noConfusionType	SnakeLean.HasBizero SnakeLean.SnakeTop	SnakeLean.IsNormalMono SnakeLean.IsNormalEpi SnakeLean.SnakeTop.casesOn
SnakeLean.Pentagon.enumList_nodup	SnakeLean.Pentagon.enumList SnakeLean.Pentagon	SnakeLean.Pentagon.ctorIdx
SnakeLean.PureSnakeComparison.noConfusion	SnakeLean.HasBizero SnakeLean.PureSnakeComparison.noConfusionType SnakeLean.PureSnakeComparison	SnakeLean.PureSnakeComparison.casesOn SnakeLean.IsEquiv1
SnakeLean.twoDiExact_iff_forall_isModularLattice	SnakeLean.zeroSup SnakeLean.SupOf.completeLattice SnakeLean.TwoDiExact SnakeLean.bicategorySup SnakeLean.SupOf SnakeLean.SupOf.carrier SnakeLean.hasBizeroSup SnakeLean.LatticeClass	SnakeLean.twoDiExact_of_forall_isModularLattice SnakeLean.isModularLattice_of_twoDiExact
SnakeLean.isExactAt_left_of_shape	SnakeLean.IsStrong SnakeLean.IsTwoKernel SnakeLean.HasBizero SnakeLean.IsNormal SnakeLean.IsTwoMono SnakeLean.IsExactAt SnakeLean.IsTwoCokernel SnakeLean.IsEquiv1	SnakeLean.IsNormalMono SnakeLean.IsEquiv1.isTwoMono SnakeLean.IsTwoMono.comp SnakeLean.IsTwoCokernel.of_iso SnakeLean.IsNormalEpi SnakeLean.isTwoCokernel_isTwoEpi_comp_iff SnakeLean.IsNormalEpi.isTwoEpi SnakeLean.isTwoKernel_comp_isTwoMono_iff SnakeLean.isExactAt_iff SnakeLean.IsTwoKernel.of_isTwoCokernel
SnakeLean.dpn_of_twoDiExact	SnakeLean.DPN SnakeLean.HasBizero SnakeLean.TwoDiExact	SnakeLean.IsNormalMono SnakeLean.DPN.mk SnakeLean.IsNormalEpi SnakeLean.IsTwoKernel SnakeLean.IsNormal SnakeLean.isNormal_of_normalMono_comp_normalEpi SnakeLean.IsTwoCokernel
SnakeLean.IsTwoEpi.toIsCofaithful₁	SnakeLean.IsTwoEpi SnakeLean.IsCofaithful₁	SnakeLean.IsCofaithful₁.mk SnakeLean.IsTwoEpi.faithful
SnakeLean.SnakeHalf.noConfusionType	SnakeLean.HasBizero SnakeLean.SnakeHalf	SnakeLean.IsTwoKernel SnakeLean.IsNormal SnakeLean.IsTwoEpi SnakeLean.IsTwoCokernel SnakeLean.SnakeHalf.casesOn SnakeLean.IsEquiv1
SnakeLean.instAdditiveZeroCatFromZeroFunctor	SnakeLean.ZeroCat.instPreadditive SnakeLean.ZeroCat SnakeLean.ZeroCat.category SnakeLean.fromZeroFunctor	
SnakeLean.MorphismSES.coherence	SnakeLean.IsStrong SnakeLean.zero1 SnakeLean.HasBizero SnakeLean.MorphismSES SnakeLean.MorphismSES.g	SnakeLean.IsNull.iso_ext SnakeLean.isNull_zero1
SnakeLean.transpose_gc	SnakeLean.transposeInv SnakeLean.transposeMap	
SnakeLean.IsZeroAntinormal.rec	SnakeLean.IsNormalMono SnakeLean.IsEssNull SnakeLean.IsNormalEpi SnakeLean.HasBizero SnakeLean.IsZeroAntinormal.mk SnakeLean.IsZeroAntinormal	
SnakeLean.exists_fac_kerIncl	SnakeLean.IsEssNull SnakeLean.kerIncl SnakeLean.AbCatClass SnakeLean.bicategoryAbCatOf SnakeLean.AbCatOf SnakeLean.kerAbCatOf SnakeLean.zeroAbCatOf	SnakeLean.AbCatHom.additive SnakeLean.AbCatOf.category SnakeLean.AbCatOf.carrier SnakeLean.AbCatHom.mk SnakeLean.AbCatHom.functor SnakeLean.AbCatOf.abelian CategoryTheory.ObjectProperty.additive_lift SnakeLean.instIsSerreClassCarrierKerProp CategoryTheory.ObjectProperty.preservesFiniteColimits_lift SnakeLean.kerProp SnakeLean.AbCatHom.preservesFiniteLimits SnakeLean.AbCatHom.preservesFiniteColimits CategoryTheory.ObjectProperty.preservesFiniteLimits_lift SnakeLean.isZero_obj_of_isEssNull SnakeLean.AbCatHom.isoOfNatIso
SnakeLean.twoDiExact_of_forall_isModularLattice	SnakeLean.zeroSup SnakeLean.SupOf.completeLattice SnakeLean.TwoDiExact SnakeLean.bicategorySup SnakeLean.SupOf SnakeLean.SupOf.carrier SnakeLean.hasBizeroSup SnakeLean.LatticeClass	SnakeLean.IsNormal.transport SnakeLean.TwoDiExact.mk SnakeLean.exists_form_of_isAntinormal SnakeLean.seg SnakeLean.IsNormal SnakeLean.isNormal_segIncl_comp_upProj SnakeLean.upSeg SnakeLean.segIncl SnakeLean.transposes_of_isModularLattice SnakeLean.categoryStructSup SnakeLean.IsAntinormal SnakeLean.strictSup SnakeLean.upProj SnakeLean.IsEquiv1
SnakeLean.IsTwoMono.preimageIso.congr_simp	SnakeLean.IsTwoMono SnakeLean.IsTwoMono.preimageIso	
SnakeLean.instCoeSortSupOfType	SnakeLean.SupOf SnakeLean.LatticeClass	SnakeLean.SupOf.carrier
SnakeLean.orderIsoHom	SnakeLean.SupOf.completeLattice SnakeLean.SupOf SnakeLean.SupOf.carrier SnakeLean.categoryStructSup SnakeLean.LatticeClass	SnakeLean.mkHom
SnakeLean.preservesLimitsOfShape_toZeroCat	SnakeLean.ZeroCat SnakeLean.ZeroCat.category	SnakeLean.ZeroCat.instSubsingletonHom
SnakeLean.isNormalMono_iff'	SnakeLean.IsNormalMono SnakeLean.IsStrong SnakeLean.HasBizero SnakeLean.IsNormal SnakeLean.IsTwoMono SnakeLean.HasTwoKernel	SnakeLean.isNormalMono_iff SnakeLean.isTwoKernel_twoKernel SnakeLean.twoKernelObj SnakeLean.twoKernel
SnakeLean.isTwoCokernel_coim	SnakeLean.IsStrong SnakeLean.IsNormalEpi SnakeLean.IsTwoKernel SnakeLean.HasBizero SnakeLean.IsTwoMono SnakeLean.IsTwoCokernel	SnakeLean.IsTwoKernel.of_iso SnakeLean.isTwoKernel_comp_isTwoMono_iff SnakeLean.IsTwoCokernel.of_isTwoKernel
SnakeLean.SnakeTop	SnakeLean.HasBizero	
SnakeLean.exists_snakeClassical	SnakeLean.ExactPair	SnakeLean.isExactAt_locallyDiscrete_iff SnakeLean.twoDiExact_locallyDiscrete SnakeLean.IsNormalEpi SnakeLean.hasBizeroLD SnakeLean.isTwoCokernel_of_desc SnakeLean.IsTwoKernel SnakeLean.IsNormal SnakeLean.MorphismSES SnakeLean.isTwoKernel_of_lift SnakeLean.IsExactAt SnakeLean.IsTwoCokernel SnakeLean.MorphismSES.f SnakeLean.MorphismSES.h SnakeLean.twoZExact_locallyDiscrete SnakeLean.isNormalMono_of_mono SnakeLean.isStrongLD SnakeLean.isNormalEpi_of_epi SnakeLean.zeroLD SnakeLean.isNormal_locallyDiscrete SnakeLean.MorphismSES.g SnakeLean.MorphismSES.mk SnakeLean.exists_snakeGeneral
SnakeLean.isTwoEpi_op_iff	SnakeLean.IsTwoMono SnakeLean.IsTwoEpi	SnakeLean.isTwoEpi_op SnakeLean.isTwoMono_of_isTwoEpi_op
SnakeLean.IsTwoCokernel.recOn	SnakeLean.IsTwoCokernel.mk SnakeLean.IsEssNull SnakeLean.HasBizero SnakeLean.IsTwoEpi SnakeLean.IsTwoCokernel	SnakeLean.IsTwoCokernel.rec
SnakeLean.twoDiExact_locallyDiscrete	SnakeLean.hasBizeroLD SnakeLean.TwoDiExact SnakeLean.zeroLD	SnakeLean.TwoDiExact.mk SnakeLean.IsAntinormal SnakeLean.isNormal_locallyDiscrete
SnakeLean.isEssNull_comp_of_isSES	SnakeLean.IsEssNull SnakeLean.IsStrong SnakeLean.HasBizero SnakeLean.IsSES	SnakeLean.IsSES.isTwoKernel SnakeLean.IsEssNull.of_iso SnakeLean.IsEssNull.comp_left SnakeLean.IsEssNull.comp SnakeLean.IsTwoKernel.isEssNull_comp
SnakeLean.isTrivial_of_isTwoEpi_ladder	SnakeLean.IsStrong SnakeLean.HasBizero SnakeLean.IsTwoEpi SnakeLean.IsTrivial SnakeLean.IsTwoCokernel	SnakeLean.isTwoKernel_op SnakeLean.isTwoMono_op SnakeLean.strictOp SnakeLean.isStrongOp SnakeLean.bizeroOp SnakeLean.isTrivial_of_isTwoMono_ladder SnakeLean.isTrivial_of_op
SnakeLean.AbCatClass.ctorIdx	SnakeLean.AbCatClass	
SnakeLean.isTwoMono_kerIncl	SnakeLean.kerIncl SnakeLean.AbCatClass SnakeLean.bicategoryAbCatOf SnakeLean.IsTwoMono SnakeLean.AbCatOf SnakeLean.kerAbCatOf	SnakeLean.AbCatOf.category SnakeLean.AbCatOf.carrier SnakeLean.AbCatHom.functor SnakeLean.IsTwoMono.mk SnakeLean.kerProp
CategoryTheory.IsSubquotient.refl	CategoryTheory.IsSubquotient	
SnakeLean.bicategorySup	SnakeLean.SupOf SnakeLean.LatticeClass	SnakeLean.categoryStructSup SnakeLean.instPartialOrderHom
TwoVertex.isIdempotentElem_e₂	TwoVertex.lam TwoVertex.e₂	
SnakeLean.AbCatHom.ctorIdx	SnakeLean.AbCatClass SnakeLean.AbCatOf SnakeLean.AbCatHom	
SnakeLean.AbCatOf.mk	SnakeLean.AbCatClass SnakeLean.AbCatClass.Mem SnakeLean.AbCatOf	
SnakeLean.SnakeHalf.recOn	SnakeLean.IsTwoKernel SnakeLean.HasBizero SnakeLean.SnakeHalf SnakeLean.IsNormal SnakeLean.IsTwoEpi SnakeLean.IsTwoCokernel SnakeLean.SnakeHalf.mk SnakeLean.IsEquiv1	SnakeLean.SnakeHalf.rec
SnakeLean.IsEquiv1.isNormalMono	SnakeLean.IsNormalMono SnakeLean.IsStrong SnakeLean.HasBizero SnakeLean.IsEquiv1	SnakeLean.isTwoKernel_id SnakeLean.IsTwoKernel SnakeLean.zero1 SnakeLean.IsTwoKernel.isEquiv1_comp SnakeLean.IsTwoKernel.of_iso_right
SnakeLean.LatticeClass.Mem	SnakeLean.LatticeClass	
SnakeLean.SnakeHalf.θt	SnakeLean.SnakeHalf.Q SnakeLean.SnakeHalf.t SnakeLean.HasBizero SnakeLean.SnakeHalf SnakeLean.SnakeHalf.qi	
SnakeLean.IsFaithful₁		
CategoryTheory.ObjectProperty.additive_lift		
SnakeLean.PureSnakeComparison.θ	SnakeLean.HasBizero SnakeLean.PureSnakeComparison.j SnakeLean.PureSnakeComparison	
SnakeLean.NormalChainComplex.d	SnakeLean.HasBizero SnakeLean.NormalChainComplex SnakeLean.NormalChainComplex.obj	
SnakeLean.MorphismPure.recOn	SnakeLean.MorphismPure SnakeLean.MorphismPure.mk	SnakeLean.MorphismPure.rec
CategoryTheory.ObjectProperty.instPreservesFiniteProductsFullSubcategoryι_snakeLean		
SnakeLean.sup_eq_or_covBy_sup		
SnakeLean.SnakeHalf.hz	SnakeLean.SnakeHalf.KT SnakeLean.HasBizero SnakeLean.SnakeHalf.CB SnakeLean.SnakeHalf SnakeLean.SnakeHalf.z SnakeLean.IsEquiv1	
SnakeLean.le_height_sup_add_height_inf		SnakeLean.inf_eq_or_covBy_inf SnakeLean.covBy_height_eq
CategoryTheory.ObjectProperty.exists_epi_torsionFree		CategoryTheory.ObjectProperty.prop_iff_of_isoModSerre CategoryTheory.ObjectProperty.exists_maximalSerreSub
SnakeLean.exists_snakeConnecting_isExactAt	SnakeLean.IsStrong SnakeLean.IsTwoKernel SnakeLean.HasBizero SnakeLean.TwoDiExact SnakeLean.IsNormal SnakeLean.MorphismSES SnakeLean.IsExactAt SnakeLean.IsTwoCokernel SnakeLean.MorphismSES.f SnakeLean.TwoZExact SnakeLean.MorphismSES.h SnakeLean.MorphismSES.g SnakeLean.IsSES	SnakeLean.isExactAt_left_of_shape SnakeLean.isTwoKernel_twoKernel SnakeLean.TwoZExact.toHasTwoKernel SnakeLean.twoKernelObj SnakeLean.exists_snakeConnecting SnakeLean.isExactAt_right_of_shape SnakeLean.IsTwoKernel.isTwoMono SnakeLean.twoKernel SnakeLean.IsEquiv1
TwoVertex.al_mul_e₂	TwoVertex.lam TwoVertex.e₂ TwoVertex.al	
SnakeLean.exactness_tfae	SnakeLean.IsNormalMono SnakeLean.IsStrong SnakeLean.IsNormalEpi SnakeLean.IsTwoKernel SnakeLean.HasBizero SnakeLean.IsTwoCokernel SnakeLean.IsSES	SnakeLean.IsSES.isTwoCokernel SnakeLean.IsSES.isTwoKernel SnakeLean.IsTwoCokernel.of_iso SnakeLean.isTwoCokernel_isTwoEpi_comp_iff SnakeLean.IsTwoKernel.of_iso SnakeLean.isTwoKernel_comp_isTwoMono_iff SnakeLean.IsTwoCokernel.isTwoEpi SnakeLean.IsTwoKernel.isTwoMono SnakeLean.IsSES.mk SnakeLean.IsTwoKernel.of_isTwoCokernel SnakeLean.IsTwoCokernel.of_isTwoKernel
TwoVertex.pa	TwoVertex.lam	
SnakeLean.instPreservesLimitZeroCatFromZeroFunctor	SnakeLean.ZeroCat SnakeLean.ZeroCat.category SnakeLean.fromZeroFunctor	
SnakeLean.IsFaithful₁.rec	SnakeLean.IsFaithful₁.mk SnakeLean.IsFaithful₁	
SnakeLean.isTwoEpi_twoCoim	SnakeLean.HasBizero SnakeLean.IsTwoEpi SnakeLean.TwoZExact SnakeLean.twoCoim SnakeLean.twoCoimObj	SnakeLean.TwoZExact.toHasTwoKernel SnakeLean.twoKernelObj SnakeLean.isTwoCokernel_twoCoim SnakeLean.IsTwoCokernel.isTwoEpi SnakeLean.twoKernel
SnakeLean.IsTotallyNormalEpi.recOn	SnakeLean.IsTotallyNormalEpi SnakeLean.IsNormalEpi SnakeLean.HasBizero SnakeLean.IsTotallyNormalEpi.mk	SnakeLean.IsTotallyNormalEpi.rec
SnakeLean.isNormalEpi_t	SnakeLean.NormalEpiComp SnakeLean.IsNormalEpi SnakeLean.HasBizero SnakeLean.IsTwoCokernel SnakeLean.IsSES	SnakeLean.IsNormalEpi.of_comp SnakeLean.IsTwoCokernel.isTwoEpi SnakeLean.isNormalEpi_comp_coim
SnakeLean.Pentagon.y.sizeOf_spec	SnakeLean.Pentagon.y SnakeLean.Pentagon	
SnakeLean.HasTwoKernel.exists_isTwoKernel	SnakeLean.IsTwoKernel SnakeLean.HasBizero SnakeLean.HasTwoKernel	
SnakeLean.MorphismPure.πY	SnakeLean.MorphismPure	
CategoryTheory.ObjectProperty.prop_of_injective		
TwoVertex.e₁	TwoVertex.lam	
SnakeLean.AbCatOf.mk.injEq	SnakeLean.AbCatClass SnakeLean.AbCatClass.Mem SnakeLean.AbCatOf.mk SnakeLean.AbCatOf	SnakeLean.AbCatOf.mk.noConfusion
SnakeLean.IsEssNull.of_comp_isTwoMono	SnakeLean.IsEssNull SnakeLean.IsStrong SnakeLean.HasBizero SnakeLean.IsTwoMono	SnakeLean.nonempty_zero1_comp SnakeLean.zero1 SnakeLean.isEssNull_iff SnakeLean.IsTwoMono.preimageIso
SnakeLean.isZeroAntinormal_of_ladder	SnakeLean.IsStrong SnakeLean.HasBizero SnakeLean.IsZeroAntinormal SnakeLean.IsSES	SnakeLean.IsSES.isTwoCokernel SnakeLean.IsSES.isTwoKernel SnakeLean.IsEssNull.of_iso SnakeLean.IsEssNull.comp_left SnakeLean.IsTwoKernel SnakeLean.IsTwoCokernel SnakeLean.IsZeroAntinormal.mk SnakeLean.IsTwoKernel.isEssNull_comp
SnakeLean.NormalMonoComp.mk	SnakeLean.IsNormalMono SnakeLean.NormalMonoComp SnakeLean.HasBizero	
SnakeLean.MorphismPure.noConfusionType	SnakeLean.MorphismPure	SnakeLean.MorphismPure.casesOn
SnakeLean.isNormalMono_iff	SnakeLean.IsNormalMono SnakeLean.IsStrong SnakeLean.IsTwoKernel SnakeLean.HasBizero SnakeLean.IsNormal SnakeLean.IsTwoMono	SnakeLean.isNormalMono_of_isTrivial SnakeLean.isEquiv1_id SnakeLean.IsNormalEpi SnakeLean.IsEquiv1.isNormalEpi SnakeLean.IsTwoKernel.isTwoMono SnakeLean.IsTwoKernel.isTrivial_of_isTwoMono SnakeLean.IsEquiv1
SnakeLean.IsNormalEpi.isEquiv1_comp	SnakeLean.IsNormalEpi SnakeLean.HasBizero SnakeLean.IsEquiv1	SnakeLean.isNormalMono_op SnakeLean.isEquiv1_op SnakeLean.strictOp SnakeLean.IsNormalMono.comp_isEquiv1 SnakeLean.bizeroOp SnakeLean.isNormalEpi_of_op
SnakeLean.isTwoCokernel_id	SnakeLean.zero1 SnakeLean.HasBizero SnakeLean.IsTwoCokernel	SnakeLean.IsTwoCokernel.mk SnakeLean.IsEssNull.of_iso SnakeLean.IsEssNull SnakeLean.isEssNull_zero1 SnakeLean.isTwoEpi_id
SnakeLean.TwoZExact.recOn	SnakeLean.HasTwoCokernel SnakeLean.HasBizero SnakeLean.TwoZExact.mk SnakeLean.HasTwoKernel SnakeLean.TwoZExact	SnakeLean.TwoZExact.rec
SnakeLean.IsBizero		
SnakeLean.pureSnake_isNormalMono	SnakeLean.IsNormalMono SnakeLean.HasBizero SnakeLean.IsSES	SnakeLean.IsTwoKernel SnakeLean.isTwoKernel_dinversion_of_ladder
SnakeLean.isHSD_of_isThirdIso	SnakeLean.IsStrong SnakeLean.IsHSD SnakeLean.HasBizero SnakeLean.IsThirdIso SnakeLean.TwoZExact	SnakeLean.IsNormalMono SnakeLean.IsSES.isTwoKernel SnakeLean.IsEssNull.of_iso SnakeLean.IsEssNull SnakeLean.IsEssNull.comp_left SnakeLean.IsTwoKernel.fac SnakeLean.isTwoCokernel_twoCokernel SnakeLean.IsTotallyNormalMono.mk SnakeLean.IsNormalEpi SnakeLean.IsTwoKernel SnakeLean.twoCokernelObj SnakeLean.IsNormal SnakeLean.isNormalEpi_twoCokernel SnakeLean.IsTwoCokernel SnakeLean.TwoZExact.toHasTwoCokernel SnakeLean.IsTwoCokernel.isEssNull_comp SnakeLean.IsTwoCokernel.fac SnakeLean.IsTwoKernel.isTwoMono SnakeLean.twoCokernel SnakeLean.IsZeroAntinormal SnakeLean.IsTotallyNormalMono SnakeLean.IsSES SnakeLean.IsNormalMono.of_comp SnakeLean.IsZeroAntinormal.isEssNull_comp SnakeLean.IsZeroAntinormal.isNormalMono
SnakeLean.isEssNull_comp_left_of_square	SnakeLean.IsEssNull SnakeLean.IsStrong SnakeLean.HasBizero SnakeLean.IsTwoMono	SnakeLean.IsEssNull.of_iso SnakeLean.IsEssNull.of_comp_isTwoMono SnakeLean.IsEssNull.comp
SnakeLean.HasTwoKernel	SnakeLean.HasBizero	
SnakeLean.isEquiv1_of_isBipushout_left	SnakeLean.IsStrong SnakeLean.MorphismSES.φK SnakeLean.HasBizero SnakeLean.IsBipushout SnakeLean.MorphismSES SnakeLean.IsTwoCokernel SnakeLean.MorphismSES.f SnakeLean.MorphismSES.h SnakeLean.MorphismSES.g SnakeLean.IsEquiv1	SnakeLean.IsEssNull.of_iso SnakeLean.IsEssNull SnakeLean.IsEssNull.comp_left SnakeLean.cosquareIso SnakeLean.IsBipushout.fac SnakeLean.IsNull.nonempty_iso SnakeLean.isEssNull_hom_ext SnakeLean.IsTwoEpi.preimageIso SnakeLean.IsBipushout.nonempty_ext_iso SnakeLean.zero1 SnakeLean.IsEssNull.comp SnakeLean.IsNull SnakeLean.isEssNull_iff SnakeLean.IsTwoCokernel.isEssNull_comp SnakeLean.IsTwoCokernel.fac SnakeLean.IsTwoCokernel.isTwoEpi SnakeLean.HasBizero.toZero SnakeLean.HasBizero.fromZero SnakeLean.isEssNull_zero1 SnakeLean.MorphismSES.φQ
SnakeLean.exists_snakeGeneral	SnakeLean.IsNormalMono SnakeLean.IsStrong SnakeLean.IsNormalEpi SnakeLean.IsTwoKernel SnakeLean.HasBizero SnakeLean.TwoDiExact SnakeLean.IsNormal SnakeLean.MorphismSES SnakeLean.IsExactAt SnakeLean.IsTwoCokernel SnakeLean.MorphismSES.f SnakeLean.TwoZExact SnakeLean.MorphismSES.h SnakeLean.MorphismSES.g	SnakeLean.exists_snakeGeneral_of_special SnakeLean.snakeSpecial_of_twoDiExact SnakeLean.isHSD_of_twoDiExact
SnakeLean.HasTwoCokernel.mk	SnakeLean.HasTwoCokernel SnakeLean.HasBizero SnakeLean.IsTwoCokernel	
SnakeLean.ExactPair		
SnakeLean.isTwoMono_twoImg	SnakeLean.HasBizero SnakeLean.twoImgObj SnakeLean.IsTwoMono SnakeLean.TwoZExact SnakeLean.twoImg	SnakeLean.twoCokernelObj SnakeLean.TwoZExact.toHasTwoCokernel SnakeLean.IsTwoKernel.isTwoMono SnakeLean.isTwoKernel_twoImg SnakeLean.twoCokernel
CategoryTheory.ObjectProperty.instHasKernelsFullSubcategory_snakeLean		CategoryTheory.ObjectProperty.instHasEqualizersFullSubcategory_snakeLean
SnakeLean.NormalChainComplex.casesOn	SnakeLean.IsEssNull SnakeLean.HasBizero SnakeLean.IsNormal SnakeLean.NormalChainComplex SnakeLean.NormalChainComplex.mk	SnakeLean.NormalChainComplex.rec
SnakeLean.iciIsModularLattice		
SnakeLean.Ici.coe_sSup'	SnakeLean.iciCompleteLattice	
SnakeLean.IsBipushout.rec	SnakeLean.cosquareIso SnakeLean.IsBipushout.mk SnakeLean.IsBipushout	
SnakeLean.isNormal_iff_isEquiv1_comparison	SnakeLean.IsStrong SnakeLean.IsTwoKernel SnakeLean.HasBizero SnakeLean.IsNormal SnakeLean.IsTwoCokernel SnakeLean.IsEquiv1	SnakeLean.IsNormalMono SnakeLean.IsTwoCokernel.of_iso SnakeLean.IsNormalEpi SnakeLean.isTwoCokernel_isTwoEpi_comp_iff SnakeLean.IsEquiv1.comp SnakeLean.IsTwoKernel.of_iso SnakeLean.IsTwoCokernel.exists_isEquiv1 SnakeLean.IsTwoKernel.exists_isEquiv1 SnakeLean.IsTwoKernel.isEquiv1_comp SnakeLean.isTwoKernel_comp_isTwoMono_iff SnakeLean.IsTwoCokernel.isTwoEpi SnakeLean.IsTwoKernel.isTwoMono SnakeLean.IsTwoKernel.of_isTwoCokernel SnakeLean.IsEquiv1.of_iso SnakeLean.comparison_unique SnakeLean.IsTwoCokernel.of_isTwoKernel
SnakeLean.IsTrivial.isEquiv1_toZero	SnakeLean.IsStrong SnakeLean.HasBizero SnakeLean.IsTrivial SnakeLean.HasBizero.toZero SnakeLean.IsEquiv1	SnakeLean.IsEssNull SnakeLean.IsTrivial.eq_1 SnakeLean.IsNull.nonempty_iso SnakeLean.zero1 SnakeLean.isEssNull_iff SnakeLean.isNull_to SnakeLean.HasBizero.fromZero
TwoVertex.e₂.eq_1	TwoVertex.lam TwoVertex.e₂	
SnakeLean.IsNormalEpi.isTwoEpi	SnakeLean.IsNormalEpi SnakeLean.HasBizero SnakeLean.IsTwoEpi	SnakeLean.IsTwoCokernel SnakeLean.IsTwoCokernel.isTwoEpi
SnakeLean.segIncl_apply	SnakeLean.SupOf.completeLattice SnakeLean.seg SnakeLean.SupOf SnakeLean.segIncl SnakeLean.SupOf.carrier SnakeLean.categoryStructSup SnakeLean.LatticeClass SnakeLean.instFunLikeHom	
CategoryTheory.ObjectProperty.instIsClosedUnderExtensionsSerreJoin	CategoryTheory.ObjectProperty.serreJoin	
SnakeLean.MorphismPure.πA	SnakeLean.MorphismPure	
SnakeLean.isNormal_dinversion_of_isHSD	SnakeLean.IsNormalMono SnakeLean.IsEssNull SnakeLean.IsStrong SnakeLean.IsHSD SnakeLean.IsNormalEpi SnakeLean.IsTwoKernel SnakeLean.HasBizero SnakeLean.IsNormal SnakeLean.IsTwoCokernel	SnakeLean.IsTwoCokernel.of_iso SnakeLean.isTwoCokernel_isTwoEpi_comp_iff SnakeLean.IsTwoKernel.of_iso SnakeLean.isTwoKernel_comp_isTwoMono_iff SnakeLean.isZeroAntinormal_img_coim SnakeLean.IsTwoCokernel.isTwoEpi SnakeLean.IsTwoKernel.isTwoMono
SnakeLean.PureSnakeComparison.mk.inj	SnakeLean.PureSnakeComparison.mk SnakeLean.HasBizero SnakeLean.PureSnakeComparison SnakeLean.IsEquiv1	SnakeLean.PureSnakeComparison.mk.noConfusion
SnakeLean.SnakeHalf.θi	SnakeLean.SnakeHalf.iBar SnakeLean.HasBizero SnakeLean.SnakeHalf SnakeLean.SnakeHalf.I SnakeLean.SnakeHalf.i	
SnakeLean.NormalEpiComp.mk	SnakeLean.NormalEpiComp SnakeLean.IsNormalEpi SnakeLean.HasBizero	
TwoVertex.KK	TwoVertex.lam	CategoryTheory.ObjectProperty.annBy TwoVertex.e₂
SnakeLean.LatticeClass.mem_ici	SnakeLean.iciCompleteLattice SnakeLean.LatticeClass SnakeLean.LatticeClass.Mem	
CategoryTheory.ObjectProperty.instIsClosedUnderSubobjectsInverseImage_snakeLean		
SnakeLean.Pentagon.top	SnakeLean.Pentagon	
SnakeLean.TwoZExact.toHasTwoKernel	SnakeLean.HasBizero SnakeLean.HasTwoKernel SnakeLean.TwoZExact	SnakeLean.TwoZExact.hasTwoKernel
SnakeLean.isTwoKernel_comp_isTwoMono_iff	SnakeLean.IsStrong SnakeLean.IsTwoKernel SnakeLean.HasBizero SnakeLean.IsTwoMono	SnakeLean.IsEssNull SnakeLean.IsTwoKernel.fac SnakeLean.IsTwoKernel.mk SnakeLean.isEssNull_comp_isTwoMono_iff SnakeLean.IsTwoKernel.isTwoMono SnakeLean.IsTwoKernel.isEssNull_comp
CategoryTheory.ObjectProperty.isoModSerre_of_map_ι	CategoryTheory.ObjectProperty.abelianFullSubcategory CategoryTheory.ObjectProperty.isSerreClass_map_ι	CategoryTheory.ObjectProperty.instHasCokernelsFullSubcategory_snakeLean CategoryTheory.ObjectProperty.prop_map_ι_ι_obj_iff CategoryTheory.ObjectProperty.isClosedUnderCoequalizers_of_isSerreClass CategoryTheory.ObjectProperty.isClosedUnderEqualizers_of_isSerreClass CategoryTheory.ObjectProperty.instHasKernelsFullSubcategory_snakeLean
SnakeLean.twoTermComplex	SnakeLean.IsStrong SnakeLean.HasBizero SnakeLean.TwoZExact SnakeLean.IsZeroAntinormal SnakeLean.NormalChainComplex	SnakeLean.twoTermD SnakeLean.twoTermObj SnakeLean.NormalChainComplex.mk
SnakeLean.isThirdIso_of_isHSD.match_1_3		
SnakeLean.IsNormal.of_iso	SnakeLean.HasBizero SnakeLean.IsNormal	SnakeLean.IsNormalMono SnakeLean.IsNormal.of_iso.match_1_1 SnakeLean.IsNormalEpi
SnakeLean.zero1.eq_1	SnakeLean.zero1 SnakeLean.HasBizero SnakeLean.HasBizero.toZero SnakeLean.HasBizero.fromZero	
SnakeLean.IsTotallyNormalEpi.right	SnakeLean.IsTotallyNormalEpi SnakeLean.IsNormalEpi SnakeLean.HasBizero	
SnakeLean.MorphismSES.g	SnakeLean.MorphismSES	
SnakeLean.Pentagon.bot	SnakeLean.Pentagon	
SnakeLean.AbCatHom.mk.inj	SnakeLean.AbCatOf.category SnakeLean.AbCatClass SnakeLean.AbCatOf.carrier SnakeLean.AbCatHom.mk SnakeLean.AbCatOf SnakeLean.AbCatHom SnakeLean.AbCatOf.abelian	SnakeLean.AbCatHom.mk.noConfusion
SnakeLean.isEquiv1_orderIsoHom	SnakeLean.SupOf.completeLattice SnakeLean.bicategorySup SnakeLean.SupOf SnakeLean.orderIsoHom SnakeLean.SupOf.carrier SnakeLean.LatticeClass SnakeLean.IsEquiv1	SnakeLean.instFunLikeHom
SnakeLean.MorphismPure.ψb	SnakeLean.MorphismPure SnakeLean.MorphismPure.πC SnakeLean.MorphismPure.πY	
TwoVertex.e₁_smul_mem_nOne	TwoVertex.lam TwoVertex.nOne TwoVertex.e₁ TwoVertex.nTwo	TwoVertex.e₂_mul_e₁ TwoVertex.e₂ TwoVertex.al_mul_e₁ TwoVertex.al
SnakeLean.IsTwoKernel.isEssNull_comp	SnakeLean.IsEssNull SnakeLean.IsTwoKernel SnakeLean.HasBizero	
SnakeLean.IsZeroAntinormal.isTwoCokernel_of_isTwoKernel	SnakeLean.IsStrong SnakeLean.IsTwoKernel SnakeLean.HasBizero SnakeLean.IsTwoCokernel SnakeLean.IsZeroAntinormal	SnakeLean.IsNormalEpi SnakeLean.IsZeroAntinormal.isNormalEpi SnakeLean.IsTwoCokernel.of_isTwoKernel
SnakeLean.transpositionSymmetric_closedSubmodule	SnakeLean.TranspositionSymmetric	SnakeLean.Transposes SnakeLean.transposes_iff_isClosed
SnakeLean.isTwoMono_op_iff	SnakeLean.IsTwoMono SnakeLean.IsTwoEpi	SnakeLean.isTwoMono_op SnakeLean.isTwoEpi_of_isTwoMono_op
SnakeLean.AbCatHom.mk.injEq	SnakeLean.AbCatOf.category SnakeLean.AbCatClass SnakeLean.AbCatOf.carrier SnakeLean.AbCatHom.mk SnakeLean.AbCatOf SnakeLean.AbCatHom SnakeLean.AbCatOf.abelian	SnakeLean.AbCatHom.mk.noConfusion
CategoryTheory.ObjectProperty.subEssential_of_prop	CategoryTheory.ObjectProperty.SubEssential	
SnakeLean.MorphismSES.casesOn	SnakeLean.MorphismSES SnakeLean.MorphismSES.mk	SnakeLean.MorphismSES.rec
SnakeLean.IsEssNull.comp	SnakeLean.IsEssNull SnakeLean.IsStrong SnakeLean.HasBizero	SnakeLean.nonempty_zero1_comp SnakeLean.zero1 SnakeLean.isEssNull_iff
CategoryTheory.ObjectProperty.isClosedUnderCoequalizers_of_isSerreClass		
SnakeLean.SupOf.mk	SnakeLean.SupOf SnakeLean.LatticeClass SnakeLean.LatticeClass.Mem	
SnakeLean.isHSD_of_twoDiExact	SnakeLean.IsHSD SnakeLean.HasBizero SnakeLean.TwoDiExact	SnakeLean.IsTwoKernel SnakeLean.isNormal_of_normalMono_comp_normalEpi SnakeLean.IsTwoCokernel SnakeLean.IsZeroAntinormal
SnakeLean.zeroSup	SnakeLean.SupOf SnakeLean.LatticeClass	SnakeLean.LatticeClass.mem_punit SnakeLean.SupOf.mk
SnakeLean.NormalEpiComp.isNormalEpi_comp	SnakeLean.NormalEpiComp SnakeLean.IsNormalEpi SnakeLean.HasBizero	
TwoVertex.spanA	TwoVertex.lam	TwoVertex.nOne TwoVertex.nTwo
SnakeLean.IsTwoKernel.mono_asLD	SnakeLean.hasBizeroLD SnakeLean.IsTwoKernel SnakeLean.zeroLD	SnakeLean.IsTwoMono SnakeLean.IsTwoKernel.isTwoMono SnakeLean.isTwoMono_locallyDiscrete_iff
SnakeLean.isNormalEpi_comp_coim	SnakeLean.NormalEpiComp SnakeLean.IsNormalEpi SnakeLean.HasBizero SnakeLean.IsTwoCokernel SnakeLean.IsSES	SnakeLean.IsSES.isTwoCokernel SnakeLean.NormalEpiComp.isNormalEpi_comp
SnakeLean.IsNormal.of_isTwoEpi_comp	SnakeLean.IsStrong SnakeLean.HasBizero SnakeLean.IsNormal SnakeLean.IsTwoEpi SnakeLean.IsTwoCokernel	SnakeLean.isTwoKernel_op SnakeLean.isTwoMono_op SnakeLean.strictOp SnakeLean.isNormal_of_op SnakeLean.isStrongOp SnakeLean.bizeroOp SnakeLean.isNormal_op SnakeLean.IsNormal.of_comp_isTwoMono
SnakeLean.nsfl_isNormalMono	SnakeLean.IsNormalMono SnakeLean.IsStrong SnakeLean.IsTwoKernel SnakeLean.HasBizero SnakeLean.IsNormal SnakeLean.IsTwoMono SnakeLean.MorphismSES SnakeLean.MorphismSES.f SnakeLean.MorphismSES.h SnakeLean.MorphismSES.g	SnakeLean.isNormalMono_of_isTrivial SnakeLean.MorphismSES.φK SnakeLean.IsNormalEpi SnakeLean.isTrivial_of_isTwoMono_ladder SnakeLean.IsTwoKernel.isTwoMono SnakeLean.IsEquiv1 SnakeLean.MorphismSES.φQ
SnakeLean.SnakeTop.nonempty_comp_t	SnakeLean.IsStrong SnakeLean.twoCokernelObj SnakeLean.HasBizero SnakeLean.SnakeTop.i SnakeLean.SnakeTop.I SnakeLean.SnakeTop SnakeLean.TwoZExact SnakeLean.TwoZExact.toHasTwoCokernel SnakeLean.twoCokernel SnakeLean.SnakeTop.t	SnakeLean.SnakeTop.exists_t
SnakeLean.AbCatHom.id_app	SnakeLean.AbCatOf.category SnakeLean.AbCatClass SnakeLean.AbCatOf.carrier SnakeLean.AbCatHom.functor SnakeLean.AbCatHom.category SnakeLean.AbCatOf SnakeLean.AbCatHom	
SnakeLean.IsZeroAntinormal.isNormalMono	SnakeLean.IsNormalMono SnakeLean.HasBizero SnakeLean.IsZeroAntinormal	
SnakeLean.IsTwoEpi		
SnakeLean.SnakeTop.mk	SnakeLean.IsNormalMono SnakeLean.IsNormalEpi SnakeLean.HasBizero SnakeLean.SnakeTop	
SnakeLean.normalMonoCompSup	SnakeLean.zeroSup SnakeLean.NormalMonoComp SnakeLean.bicategorySup SnakeLean.SupOf SnakeLean.hasBizeroSup SnakeLean.LatticeClass	SnakeLean.IsNormalMono SnakeLean.exists_isEquiv1_segIncl_comp SnakeLean.IsNormalMono.isEquiv1_comp SnakeLean.isStrongSup SnakeLean.SupOf.completeLattice SnakeLean.IsTwoKernel SnakeLean.exists_isEquiv1_of_isTwoKernel SnakeLean.IsEquiv1.comp SnakeLean.isTwoKernel_upProj_segIncl SnakeLean.seg SnakeLean.IsNormalMono.comp_isEquiv1 SnakeLean.upSeg SnakeLean.segIncl SnakeLean.SupOf.carrier SnakeLean.categoryStructSup SnakeLean.NormalMonoComp.mk SnakeLean.kerElt SnakeLean.strictSup SnakeLean.upProj SnakeLean.IsEquiv1
SnakeLean.IsTwoKernel.exists_isEquiv1_twoKernel	SnakeLean.IsTwoKernel SnakeLean.HasBizero SnakeLean.HasTwoKernel SnakeLean.twoKernelObj SnakeLean.twoKernel SnakeLean.IsEquiv1	SnakeLean.IsTwoKernel.exists_isEquiv1 SnakeLean.isTwoKernel_twoKernel
SnakeLean.IsTwoEpi.rec	SnakeLean.IsTwoEpi.mk SnakeLean.IsTwoEpi	
SnakeLean.HasTwoKernel.recOn	SnakeLean.IsTwoKernel SnakeLean.HasBizero SnakeLean.HasTwoKernel SnakeLean.HasTwoKernel.mk	SnakeLean.HasTwoKernel.rec
TwoVertex.reg	TwoVertex.lam	
CategoryTheory.ObjectProperty.isSerreClass_serreSaturation_iff	CategoryTheory.ObjectProperty.serreJoin CategoryTheory.ObjectProperty.serreSaturation	CategoryTheory.ObjectProperty.serreSaturation_le_serreJoin CategoryTheory.ObjectProperty.serre_le_serreSaturation CategoryTheory.ObjectProperty.instIsSerreClassSerreJoin CategoryTheory.ObjectProperty.serreJoin_le CategoryTheory.ObjectProperty.le_serreSaturation
CategoryTheory.ObjectProperty.instIsClosedUnderQuotientsModuleCatOfFG	CategoryTheory.ObjectProperty.ofFG	
SnakeLean.allClass	SnakeLean.LatticeClass	SnakeLean.LatticeClass.mk
SnakeLean.isNormal_locallyDiscrete	SnakeLean.hasBizeroLD SnakeLean.IsNormal SnakeLean.zeroLD	SnakeLean.IsNormalMono SnakeLean.IsNormalEpi SnakeLean.isNormalMono_of_mono SnakeLean.isNormalEpi_of_epi
SnakeLean.IsZeroAntinormal.isEssNull_comp	SnakeLean.IsEssNull SnakeLean.HasBizero SnakeLean.IsZeroAntinormal	
SnakeLean.Transposes		
SnakeLean.IsNull.eq_of_isIso	SnakeLean.IsStrong SnakeLean.IsNull	SnakeLean.IsNull.eq_id
SnakeLean.SnakeTop.ctorIdx	SnakeLean.HasBizero SnakeLean.SnakeTop	
SnakeLean.instFintypePentagon	SnakeLean.Pentagon	SnakeLean.Pentagon.enumList SnakeLean.Pentagon.enumList_nodup
SnakeLean.SnakeHalf.z	SnakeLean.SnakeHalf.KT SnakeLean.HasBizero SnakeLean.SnakeHalf.CB SnakeLean.SnakeHalf	
SnakeLean.exists_eOne	SnakeLean.IsNormalMono SnakeLean.IsStrong SnakeLean.IsHSD SnakeLean.IsNormalEpi SnakeLean.IsTwoKernel SnakeLean.HasBizero SnakeLean.IsTwoCokernel SnakeLean.IsSES	SnakeLean.PureSnakeComparison.isEquiv1 SnakeLean.PureSnakeComparison.j SnakeLean.PureSnakeComparison.θ SnakeLean.IsTwoCokernel.comp_isEquiv1 SnakeLean.IsTwoKernel.of_isTwoCokernel SnakeLean.PureSnakeComparison SnakeLean.pureSnakeComparison
SnakeLean.isPureSnake_of_isHSD.match_1_3		
CategoryTheory.ObjectProperty.isClosedUnderEqualizers_of_isSerreClass		
SnakeLean.SupOf.noConfusionType	SnakeLean.SupOf SnakeLean.LatticeClass	SnakeLean.SupOf.casesOn SnakeLean.LatticeClass.Mem
SnakeLean.IsExactAt	SnakeLean.HasBizero	SnakeLean.IsNormalEpi SnakeLean.IsTwoKernel
CategoryTheory.ObjectProperty.isZero_ι_obj_iff		
SnakeLean.AbCatHom.natIsoOfIso	SnakeLean.AbCatOf.category SnakeLean.AbCatClass SnakeLean.AbCatOf.carrier SnakeLean.AbCatHom.functor SnakeLean.AbCatHom.category SnakeLean.AbCatOf SnakeLean.AbCatHom	
SnakeLean.upSeg	SnakeLean.SupOf SnakeLean.SupOf.carrier SnakeLean.LatticeClass	SnakeLean.iciCompleteLattice SnakeLean.SupOf.completeLattice SnakeLean.SupOf.mk
CategoryTheory.ObjectProperty.ofFG_iff.match_1_1	CategoryTheory.ObjectProperty.ofFG	
TwoVertex.e₂_mul_e₁	TwoVertex.lam TwoVertex.e₂ TwoVertex.e₁	
SnakeLean.transposeOrderIso	SnakeLean.Transposes	SnakeLean.transposeInv SnakeLean.transposeMap SnakeLean.transposeMap_transposeInv SnakeLean.transposeMap_le_transposeMap_iff SnakeLean.transposeInv_transposeMap
exists_injective_of_ne_bot		
SnakeLean.HasBizero.casesOn	SnakeLean.HasBizero SnakeLean.HasBizero.mk	SnakeLean.HasBizero.rec
SnakeLean.isNormal_of_factorisation	SnakeLean.IsNormalMono SnakeLean.IsStrong SnakeLean.IsNormalEpi SnakeLean.IsTwoKernel SnakeLean.HasBizero SnakeLean.IsTwoMono SnakeLean.IsTwoEpi	SnakeLean.imageFactorisation_unique SnakeLean.IsTwoCokernel.of_iso_right SnakeLean.isEquiv1_of_inv SnakeLean.IsTwoCokernel.comp_isEquiv1 SnakeLean.IsTwoKernel.isEquiv1_comp SnakeLean.IsTwoCokernel SnakeLean.IsEquiv1 SnakeLean.IsTwoKernel.of_iso_right
SnakeLean.Pentagon.inf.match_1	SnakeLean.Pentagon.y SnakeLean.Pentagon.bot SnakeLean.Pentagon.z SnakeLean.Pentagon SnakeLean.Pentagon.x SnakeLean.Pentagon.top	SnakeLean.Pentagon.ctorIdx SnakeLean.Pentagon.casesOn
SnakeLean.dpn_of_forall_transpositionSymmetric	SnakeLean.DPN SnakeLean.zeroSup SnakeLean.SupOf.completeLattice SnakeLean.bicategorySup SnakeLean.SupOf SnakeLean.SupOf.carrier SnakeLean.hasBizeroSup SnakeLean.LatticeClass SnakeLean.TranspositionSymmetric	SnakeLean.IsNormalMono SnakeLean.DPN.mk SnakeLean.kerElt_upProj SnakeLean.IsNormalEpi SnakeLean.IsTwoKernel SnakeLean.Transposes SnakeLean.isNormal_transport_iff SnakeLean.exists_isEquiv1_of_isTwoKernel SnakeLean.seg SnakeLean.isNormal_segIncl_comp_upProj_iff SnakeLean.apply_top_of_isEquiv1 SnakeLean.IsNormal SnakeLean.upSeg SnakeLean.segIncl SnakeLean.IsTwoCokernel SnakeLean.categoryStructSup SnakeLean.kerElt SnakeLean.strictSup SnakeLean.upProj SnakeLean.comp_apply' SnakeLean.kerElt_comp_isEquiv1 SnakeLean.exists_isEquiv1_of_isTwoCokernel SnakeLean.instFunLikeHom SnakeLean.IsEquiv1
SnakeLean.isThirdIso_of_isHSD	SnakeLean.IsStrong SnakeLean.IsHSD SnakeLean.HasBizero SnakeLean.IsThirdIso	SnakeLean.IsNormalMono SnakeLean.IsSES.isTwoCokernel SnakeLean.IsSES.isTwoKernel SnakeLean.isTwoCokernel_dinversion_of_ladder SnakeLean.IsTotallyNormalMono.right SnakeLean.isSES_of_isTwoKernel SnakeLean.isThirdIso_of_isHSD.match_1_1 SnakeLean.IsTwoCokernel.of_iso SnakeLean.IsNormalEpi SnakeLean.IsTwoEpi.preimageIso SnakeLean.IsTotallyNormalMono.total SnakeLean.IsTwoKernel SnakeLean.isTwoCokernel_isTwoEpi_comp_iff SnakeLean.isZeroAntinormal_of_ladder SnakeLean.IsTwoKernel.of_iso SnakeLean.IsTwoCokernel.exists_isEquiv1 SnakeLean.IsNormal SnakeLean.IsTwoKernel.isEquiv1_comp SnakeLean.isThirdIso_of_isHSD.match_1_3 SnakeLean.isTwoKernel_comp_isTwoMono_iff SnakeLean.IsTwoCokernel SnakeLean.IsTwoCokernel.isTwoEpi SnakeLean.IsTwoKernel.isTwoMono SnakeLean.IsSES.mk SnakeLean.IsTwoKernel.of_isTwoCokernel SnakeLean.IsTotallyNormalMono.comp SnakeLean.IsTwoCokernel.of_isTwoKernel SnakeLean.isTwoKernel_dinversion_of_ladder SnakeLean.IsTotallyNormalMono SnakeLean.IsSES SnakeLean.IsEquiv1 SnakeLean.IsTwoKernel.of_iso_right
SnakeLean.postcompIdIso		
SnakeLean.IsFaithful₁.recOn	SnakeLean.IsFaithful₁.mk SnakeLean.IsFaithful₁	SnakeLean.IsFaithful₁.rec
SnakeLean.Pentagon.x.elim	SnakeLean.Pentagon.ctorIdx SnakeLean.Pentagon SnakeLean.Pentagon.x	SnakeLean.Pentagon.ctorElim
SnakeLean.Pentagon.top.elim	SnakeLean.Pentagon.ctorIdx SnakeLean.Pentagon SnakeLean.Pentagon.top	SnakeLean.Pentagon.ctorElim
SnakeLean.IsTwoEpi.mk	SnakeLean.IsTwoEpi	
SnakeLean.twoDiExactOp	SnakeLean.HasBizero SnakeLean.TwoDiExact SnakeLean.bizeroOp	SnakeLean.TwoDiExact.mk SnakeLean.IsAntinormal SnakeLean.isNormal_op SnakeLean.isAntinormal_of_op SnakeLean.TwoDiExact.isNormal_of_isAntinormal
SnakeLean.AbCatOf.carrier	SnakeLean.AbCatClass SnakeLean.AbCatOf	
SnakeLean.isTwoCokernel_of_desc	SnakeLean.hasBizeroLD SnakeLean.IsTwoCokernel SnakeLean.zeroLD	SnakeLean.IsTwoCokernel.mk SnakeLean.IsEssNull SnakeLean.isEssNull_locallyDiscrete_iff SnakeLean.IsTwoEpi SnakeLean.isTwoEpi_locallyDiscrete_iff
SnakeLean.isTwoMono_locallyDiscrete_iff	SnakeLean.IsTwoMono	SnakeLean.IsTwoMono.mk SnakeLean.IsTwoMono.full
SnakeLean.NormalMonoComp.isNormalMono_comp	SnakeLean.IsNormalMono SnakeLean.NormalMonoComp SnakeLean.HasBizero	
SnakeLean.twoTermComplex.match_1		
SnakeLean.SnakeHalf.mk.inj	SnakeLean.IsTwoKernel SnakeLean.HasBizero SnakeLean.SnakeHalf SnakeLean.IsNormal SnakeLean.IsTwoEpi SnakeLean.IsTwoCokernel SnakeLean.SnakeHalf.mk SnakeLean.IsEquiv1	SnakeLean.SnakeHalf.mk.noConfusion
SnakeLean.isTwoKernel_of_lift	SnakeLean.hasBizeroLD SnakeLean.IsTwoKernel SnakeLean.zeroLD	SnakeLean.IsEssNull SnakeLean.IsTwoKernel.mk SnakeLean.isEssNull_locallyDiscrete_iff SnakeLean.IsTwoMono SnakeLean.isTwoMono_locallyDiscrete_iff
SnakeLean.IsNull.isIso	SnakeLean.IsStrong SnakeLean.IsNull	SnakeLean.IsStrong.nonempty_hom SnakeLean.IsNull.eq_id
SnakeLean.IsTwoCokernel.exists_isEquiv1	SnakeLean.HasBizero SnakeLean.IsTwoCokernel SnakeLean.IsEquiv1	SnakeLean.isTwoKernel_op SnakeLean.strictOp SnakeLean.IsTwoKernel.exists_isEquiv1 SnakeLean.isEquiv1_of_op SnakeLean.bizeroOp
SnakeLean.SnakeTop.i	SnakeLean.HasBizero SnakeLean.SnakeTop.I SnakeLean.SnakeTop	
SnakeLean.nonempty_comparison_iso	SnakeLean.IsStrong SnakeLean.HasBizero SnakeLean.twoImgObj SnakeLean.TwoZExact SnakeLean.twoCoim SnakeLean.comparison SnakeLean.twoCoimObj SnakeLean.twoImg	SnakeLean.exists_comparison SnakeLean.isTwoCokernel_twoCokernel SnakeLean.twoCokernelObj SnakeLean.isTwoKernel_twoKernel SnakeLean.TwoZExact.toHasTwoKernel SnakeLean.twoKernelObj SnakeLean.TwoZExact.toHasTwoCokernel SnakeLean.isTwoCokernel_twoCoim SnakeLean.isTwoKernel_twoImg SnakeLean.twoCokernel SnakeLean.twoKernel
SnakeLean.SnakeHalf.qi	SnakeLean.SnakeHalf.Q SnakeLean.HasBizero SnakeLean.SnakeHalf	
SnakeLean.isZeroAntinormal_op	SnakeLean.HasBizero SnakeLean.bizeroOp SnakeLean.IsZeroAntinormal	SnakeLean.isNormalMono_op SnakeLean.isNormalEpi_op SnakeLean.isEssNull_op SnakeLean.IsZeroAntinormal.isNormalEpi SnakeLean.IsZeroAntinormal.mk SnakeLean.IsZeroAntinormal.isEssNull_comp SnakeLean.IsZeroAntinormal.isNormalMono
SnakeLean.ReflectsNull		SnakeLean.IsEssNull
SnakeLean.AbCatOf.mk.sizeOf_spec	SnakeLean.AbCatClass SnakeLean.AbCatClass.Mem SnakeLean.AbCatOf.mk SnakeLean.AbCatOf	
TwoVertex.e₁_add_e₂	TwoVertex.lam TwoVertex.e₂ TwoVertex.e₁	
SnakeLean.exists_comparison	SnakeLean.IsStrong SnakeLean.IsTwoKernel SnakeLean.HasBizero SnakeLean.IsTwoCokernel	SnakeLean.IsEssNull.of_iso SnakeLean.IsEssNull SnakeLean.IsTwoKernel.fac SnakeLean.IsEssNull.of_comp_isTwoEpi SnakeLean.IsTwoCokernel.isEssNull_comp SnakeLean.IsTwoCokernel.fac SnakeLean.IsTwoCokernel.isTwoEpi SnakeLean.IsTwoKernel.isEssNull_comp
SnakeLean.SnakeTop.isTwoCokernel_bBar_iff	SnakeLean.IsStrong SnakeLean.HasBizero SnakeLean.SnakeTop.I SnakeLean.SnakeTop SnakeLean.IsTwoMono SnakeLean.IsTwoCokernel SnakeLean.SnakeTop.iBar	SnakeLean.IsTwoCokernel.of_iso SnakeLean.isTwoCokernel_isTwoEpi_comp_iff SnakeLean.SnakeTop.r SnakeLean.SnakeTop.nonempty_iso_bBar SnakeLean.IsNormalEpi.isTwoEpi SnakeLean.SnakeTop.isNormalEpi_r
SnakeLean.IsZeroAntinormal.isSES_iff_isEssNull_dinversion	SnakeLean.IsEssNull SnakeLean.IsStrong SnakeLean.IsTwoKernel SnakeLean.HasBizero SnakeLean.IsTwoCokernel SnakeLean.IsZeroAntinormal SnakeLean.IsSES	SnakeLean.IsSES.isTwoKernel SnakeLean.IsZeroAntinormal.isTwoKernel_iff_isEssNull_dinversion SnakeLean.IsZeroAntinormal.isTwoCokernel_iff_isEssNull_dinversion SnakeLean.IsSES.mk
SnakeLean.kerElt.eq_1	SnakeLean.SupOf.completeLattice SnakeLean.SupOf SnakeLean.SupOf.carrier SnakeLean.categoryStructSup SnakeLean.kerElt SnakeLean.LatticeClass SnakeLean.instFunLikeHom	
SnakeLean.AbCatClass.noConfusionType	SnakeLean.AbCatClass	SnakeLean.ZeroCat SnakeLean.ZeroCat.category CategoryTheory.ObjectProperty.abelianFullSubcategory SnakeLean.AbCatClass.casesOn SnakeLean.ZeroCat.instAbelian
CategoryTheory.ObjectProperty.instHasFiniteLimitsFullSubcategory_snakeLean		CategoryTheory.ObjectProperty.instHasEqualizersFullSubcategory_snakeLean CategoryTheory.ObjectProperty.instHasFiniteProductsFullSubcategory_snakeLean
TwoVertex.e₁.eq_1	TwoVertex.lam TwoVertex.e₁	
SnakeLean.SnakeHalf.isNormal_bBar	SnakeLean.HasBizero SnakeLean.SnakeHalf SnakeLean.IsNormal	
SnakeLean.isHSD_sup	SnakeLean.zeroSup SnakeLean.IsHSD SnakeLean.bicategorySup SnakeLean.SupOf SnakeLean.hasBizeroSup SnakeLean.LatticeClass	SnakeLean.IsNormalMono SnakeLean.IsEssNull SnakeLean.kerElt_upProj SnakeLean.transposes_of_le SnakeLean.bijective_of_isEquiv1 SnakeLean.IsNormalEpi SnakeLean.SupOf.completeLattice SnakeLean.IsTwoKernel SnakeLean.Transposes SnakeLean.isNormal_transport_iff SnakeLean.exists_isEquiv1_of_isTwoKernel SnakeLean.IsZeroAntinormal.isNormalEpi SnakeLean.seg SnakeLean.isNormal_segIncl_comp_upProj_iff SnakeLean.apply_top_of_isEquiv1 SnakeLean.IsNormal SnakeLean.upSeg SnakeLean.segIncl SnakeLean.upProj_apply SnakeLean.IsTwoCokernel SnakeLean.instBotHomClassHom SnakeLean.SupOf.carrier SnakeLean.categoryStructSup SnakeLean.segIncl_apply SnakeLean.kerElt SnakeLean.IsZeroAntinormal SnakeLean.strictSup SnakeLean.upProj SnakeLean.isEssNull_iff_forall SnakeLean.comp_apply' SnakeLean.kerElt_comp_isEquiv1 SnakeLean.exists_isEquiv1_of_isTwoCokernel SnakeLean.IsZeroAntinormal.isEssNull_comp SnakeLean.instFunLikeHom SnakeLean.IsEquiv1 SnakeLean.IsZeroAntinormal.isNormalMono
SnakeLean.IsTwoKernel.of_iso_right	SnakeLean.IsTwoKernel SnakeLean.HasBizero	SnakeLean.IsEssNull.of_iso SnakeLean.IsEssNull SnakeLean.IsTwoKernel.fac SnakeLean.IsTwoKernel.mk SnakeLean.IsTwoMono.of_iso SnakeLean.IsTwoKernel.isTwoMono SnakeLean.IsTwoKernel.of_iso_right.match_1_1 SnakeLean.IsTwoKernel.isEssNull_comp
TwoVertex.al_mul_be	TwoVertex.lam TwoVertex.al TwoVertex.be	
SnakeLean.isTwoEpi_of_isTwoMono_op	SnakeLean.IsTwoMono SnakeLean.IsTwoEpi	SnakeLean.IsTwoMono.faithful SnakeLean.IsTwoEpi.mk SnakeLean.IsTwoMono.full
SnakeLean.IsTwoMono.comp	SnakeLean.IsTwoMono	SnakeLean.IsTwoMono.faithful SnakeLean.postcompCompIso SnakeLean.IsTwoMono.mk SnakeLean.IsTwoMono.full
SnakeLean.SnakeHalf.ctorIdx	SnakeLean.HasBizero SnakeLean.SnakeHalf	
SnakeLean.AbCatOf.ctorIdx	SnakeLean.AbCatClass SnakeLean.AbCatOf	
CategoryTheory.ObjectProperty.serre_le_serreSaturation	CategoryTheory.ObjectProperty.serreSaturation	
SnakeLean.IsSES	SnakeLean.HasBizero	
SnakeLean.IsTwoCokernel.isEssNull_comp	SnakeLean.IsEssNull SnakeLean.HasBizero SnakeLean.IsTwoCokernel	
isNoetherianObject_fgModuleCat		isNoetherianObject_of_fullyFaithful isNoetherianObject_moduleCat
SnakeLean.dualModularPair_iff	SnakeLean.DualModularPair	
SnakeLean.isExactAt_op_iff	SnakeLean.IsStrong SnakeLean.HasBizero SnakeLean.IsNormal SnakeLean.IsExactAt SnakeLean.bizeroOp	SnakeLean.IsExactAt.op SnakeLean.isExactAt_of_op
SnakeLean.TranspositionSymmetric		SnakeLean.Transposes
SnakeLean.isTwoEpi_locallyDiscrete_iff	SnakeLean.IsTwoEpi	SnakeLean.IsTwoEpi.mk SnakeLean.IsTwoEpi.full
SnakeLean.IsTrivial.isEssNull_in	SnakeLean.IsEssNull SnakeLean.IsStrong SnakeLean.HasBizero SnakeLean.IsTrivial	SnakeLean.IsEssNull.of_iso SnakeLean.IsEssNull.comp_left
SnakeLean.exists_lambda	SnakeLean.IsNormalMono SnakeLean.IsStrong SnakeLean.IsTwoKernel SnakeLean.HasBizero SnakeLean.IsTwoMono SnakeLean.IsTwoCokernel	SnakeLean.IsEssNull.of_iso SnakeLean.IsEssNull SnakeLean.IsTwoEpi.preimageIso SnakeLean.IsEssNull.of_comp_isTwoMono SnakeLean.IsTwoCokernel.fac SnakeLean.IsTwoCokernel.isTwoEpi SnakeLean.IsNormalMono.of_comp SnakeLean.IsTwoKernel.isEssNull_comp
SnakeLean.isNormalEpi_of_epi	SnakeLean.IsNormalEpi SnakeLean.hasBizeroLD SnakeLean.zeroLD	SnakeLean.isTwoCokernel_of_desc SnakeLean.IsTwoCokernel
SnakeLean.IsEquiv1		
SnakeLean.cancel_isTwoEpi	SnakeLean.bicategorySup SnakeLean.IsTwoEpi SnakeLean.SupOf SnakeLean.categoryStructSup SnakeLean.LatticeClass	SnakeLean.IsTwoEpi.full SnakeLean.instPartialOrderHom
SnakeLean.SnakeHalf.CB	SnakeLean.HasBizero SnakeLean.SnakeHalf	
SnakeLean.Pentagon.noConfusion	SnakeLean.Pentagon.noConfusionType SnakeLean.Pentagon	SnakeLean.Pentagon.ctorIdx
SnakeLean.isExactAt_right_of_shape	SnakeLean.IsStrong SnakeLean.IsTwoKernel SnakeLean.HasBizero SnakeLean.IsExactAt SnakeLean.IsTwoCokernel SnakeLean.IsEquiv1	SnakeLean.IsNormalEpi SnakeLean.IsTwoCokernel.comp_isEquiv1
CategoryTheory.ObjectProperty.instIsClosedUnderSubobjectsMapFullSubcategoryι_snakeLean	CategoryTheory.ObjectProperty.abelianFullSubcategory	CategoryTheory.ObjectProperty.prop_map_ι_iff CategoryTheory.ObjectProperty.preservesFiniteLimits_ι CategoryTheory.ObjectProperty.instHasFiniteLimitsFullSubcategory_snakeLean
SnakeLean.IsBipullback.rec	SnakeLean.squareIso SnakeLean.IsBipullback.mk SnakeLean.IsBipullback	
SnakeLean.naturalComparisonIso	SnakeLean.MorphismPure SnakeLean.MorphismPure.πX SnakeLean.HasBizero SnakeLean.MorphismPure.πC SnakeLean.PureSnakeComparison.j SnakeLean.IsTwoMono SnakeLean.IsTwoEpi SnakeLean.PureSnakeComparison	SnakeLean.naturalComparisonPasting₂ SnakeLean.IsTwoEpi.preimageIso SnakeLean.naturalComparisonPasting₁ SnakeLean.IsTwoMono.preimageIso
SnakeLean.upRestrict	SnakeLean.SupOf.completeLattice SnakeLean.upSeg SnakeLean.SupOf SnakeLean.SupOf.carrier SnakeLean.categoryStructSup SnakeLean.LatticeClass SnakeLean.instFunLikeHom	SnakeLean.mkHom
SnakeLean.MorphismPure.op	SnakeLean.MorphismPure	SnakeLean.MorphismPure.ψc SnakeLean.MorphismPure.πX SnakeLean.MorphismPure.ψb SnakeLean.MorphismPure.πC SnakeLean.MorphismPure.ψd SnakeLean.MorphismPure.ψa SnakeLean.MorphismPure.πY SnakeLean.MorphismPure.mk SnakeLean.MorphismPure.πZ SnakeLean.MorphismPure.πA
SnakeLean.isHSD_of_op	SnakeLean.IsHSD SnakeLean.HasBizero SnakeLean.bizeroOp	SnakeLean.isTwoKernel_op SnakeLean.isZeroAntinormal_op SnakeLean.IsTwoKernel SnakeLean.isNormal_of_op SnakeLean.IsTwoCokernel SnakeLean.IsZeroAntinormal SnakeLean.isTwoCokernel_op
SnakeLean.Pentagon.ofNat_ctorIdx	SnakeLean.Pentagon.ctorIdx SnakeLean.Pentagon.ofNat SnakeLean.Pentagon	SnakeLean.Pentagon.y SnakeLean.Pentagon.bot SnakeLean.Pentagon.casesOn SnakeLean.Pentagon.z SnakeLean.Pentagon.x SnakeLean.Pentagon.top
SnakeLean.twoCoim	SnakeLean.HasBizero SnakeLean.TwoZExact SnakeLean.twoCoimObj	SnakeLean.TwoZExact.toHasTwoKernel SnakeLean.twoKernelObj SnakeLean.twoCokernel SnakeLean.twoKernel
SnakeLean.PureSnakeComparison.casesOn	SnakeLean.PureSnakeComparison.mk SnakeLean.HasBizero SnakeLean.PureSnakeComparison SnakeLean.IsEquiv1	SnakeLean.PureSnakeComparison.rec
SnakeLean.IsEquiv1.inv.congr_simp	SnakeLean.IsEquiv1.inv SnakeLean.IsEquiv1	
SnakeLean.IsTotallyNormalMono.rec	SnakeLean.IsNormalMono SnakeLean.IsTotallyNormalMono.mk SnakeLean.HasBizero SnakeLean.IsTotallyNormalMono	
CategoryTheory.IsSerreQuotient.isSerreClass_map	CategoryTheory.IsSerreQuotient	
TwoVertex.KK_isoModSerre_spanF	TwoVertex.lam TwoVertex.instIsSerreClassModuleCatSubtypeMatrixFinOfNatNatMemSubalgebraLamKK TwoVertex.spanD TwoVertex.spanF TwoVertex.spanA TwoVertex.KK	TwoVertex.e₂ TwoVertex.nOne CategoryTheory.ObjectProperty.instIsClosedUnderQuotientsModuleCatAnnBy TwoVertex.nTwo TwoVertex.al
SnakeLean.isModularLattice_iff_forall_transposes	SnakeLean.Transposes	SnakeLean.isModularLattice_of_forall_transposes SnakeLean.transposes_of_isModularLattice
SnakeLean.isSES_twoCokernel	SnakeLean.HasTwoCokernel SnakeLean.IsStrong SnakeLean.IsTwoKernel SnakeLean.twoCokernelObj SnakeLean.HasBizero SnakeLean.twoCokernel SnakeLean.IsSES	SnakeLean.isSES_of_isTwoKernel SnakeLean.isTwoCokernel_twoCokernel
SnakeLean.IsTwoEpi.comp	SnakeLean.IsTwoEpi	SnakeLean.IsTwoEpi.mk SnakeLean.IsTwoEpi.full SnakeLean.IsTwoEpi.faithful SnakeLean.precompCompIso
SnakeLean.comparison	SnakeLean.IsStrong SnakeLean.HasBizero SnakeLean.twoImgObj SnakeLean.TwoZExact SnakeLean.twoCoimObj	SnakeLean.twoCoim SnakeLean.twoImg
SnakeLean.isHSD_of_isThirdIsoDual	SnakeLean.IsStrong SnakeLean.IsHSD SnakeLean.HasBizero SnakeLean.TwoZExact SnakeLean.IsThirdIsoDual	SnakeLean.isHSD_of_op SnakeLean.strictOp SnakeLean.isStrongOp SnakeLean.bizeroOp SnakeLean.isThirdIso_op_of_isThirdIsoDual SnakeLean.twoZExactOp SnakeLean.isHSD_of_isThirdIso
SnakeLean.ZeroCat.instIsIso	SnakeLean.ZeroCat SnakeLean.ZeroCat.category	SnakeLean.ZeroCat.instSubsingletonHom
SnakeLean.exists_v	SnakeLean.IsStrong SnakeLean.HasBizero SnakeLean.IsTwoCokernel	SnakeLean.IsEssNull.of_iso SnakeLean.IsEssNull.comp_left SnakeLean.IsTwoCokernel.isEssNull_comp SnakeLean.IsTwoCokernel.fac
SnakeLean.zeroLD		
TwoVertex.al	TwoVertex.lam	
SnakeLean.AbCatOf.rec	SnakeLean.AbCatClass SnakeLean.AbCatClass.Mem SnakeLean.AbCatOf.mk SnakeLean.AbCatOf	
SnakeLean.dualModularPair_of_isModularLattice	SnakeLean.DualModularPair	
SnakeLean.LatticeClass.mk.noConfusion	SnakeLean.LatticeClass.mk SnakeLean.iciCompleteLattice SnakeLean.LatticeClass	SnakeLean.LatticeClass.noConfusion
SnakeLean.instDecidableEqPentagon	SnakeLean.Pentagon	SnakeLean.Pentagon.ctorIdx
SnakeLean.MorphismSES.mk.inj	SnakeLean.MorphismSES SnakeLean.MorphismSES.mk	SnakeLean.MorphismSES.mk.noConfusion
SnakeLean.isNormal_cLower	SnakeLean.IsNormalMono SnakeLean.DPN SnakeLean.IsStrong SnakeLean.IsNormalEpi SnakeLean.IsTwoKernel SnakeLean.HasBizero SnakeLean.IsNormal SnakeLean.IsTwoCokernel SnakeLean.IsSES	SnakeLean.IsNormal.of_isTwoEpi_comp SnakeLean.IsTwoCokernel.isTwoEpi SnakeLean.IsNormal.of_iso SnakeLean.isNormal_c_comp_qg
SnakeLean.SupOf	SnakeLean.LatticeClass	
SnakeLean.nonempty_iso_cokMap_square	SnakeLean.IsTwoEpi	SnakeLean.isTwoMono_op SnakeLean.nonempty_iso_kerMap_square SnakeLean.strictOp
SnakeLean.IsStrong.mk	SnakeLean.IsStrong SnakeLean.IsNull	
SnakeLean.IsTotallyNormalEpi.mk	SnakeLean.IsTotallyNormalEpi SnakeLean.IsNormalEpi SnakeLean.HasBizero	
SnakeLean.TwoDiExact.mk	SnakeLean.HasBizero SnakeLean.TwoDiExact SnakeLean.IsNormal SnakeLean.IsAntinormal	
SnakeLean.nonempty_iso_kerMap_square	SnakeLean.IsTwoMono	SnakeLean.IsTwoMono.preimageIso
SnakeLean.Pentagon.y.elim	SnakeLean.Pentagon.y SnakeLean.Pentagon.ctorIdx SnakeLean.Pentagon	SnakeLean.Pentagon.ctorElim
SnakeLean.Pentagon.instDecidableLE	SnakeLean.Pentagon.instLE SnakeLean.Pentagon	SnakeLean.Pentagon.le
SnakeLean.HasBizero.rec	SnakeLean.HasBizero SnakeLean.HasBizero.mk	
TwoVertex.spanG.eq_1	TwoVertex.lam TwoVertex.spanD TwoVertex.spanG TwoVertex.nTwo	
SnakeLean.instPreservesFiniteColimitsZeroCatFromZeroFunctor	SnakeLean.ZeroCat SnakeLean.ZeroCat.category SnakeLean.fromZeroFunctor	SnakeLean.instPreservesColimitsOfShapeZeroCatFromZeroFunctor
SnakeLean.isEquiv1_of_isTrivial	SnakeLean.IsStrong SnakeLean.HasBizero SnakeLean.IsTrivial SnakeLean.IsEquiv1	SnakeLean.IsEssNull SnakeLean.zero1 SnakeLean.IsTrivial.isEssNull_out SnakeLean.isEssNull_iff
CategoryTheory.IsSerreQuotient.mk	CategoryTheory.IsSerreQuotient	
CategoryTheory.ObjectProperty.instHasFiniteColimitsFullSubcategory_snakeLean		CategoryTheory.ObjectProperty.instHasFiniteBiproductsFullSubcategory_snakeLean CategoryTheory.ObjectProperty.instHasCoequalizersFullSubcategory_snakeLean
SnakeLean.IsTrivial.isEssNull_out	SnakeLean.IsEssNull SnakeLean.IsStrong SnakeLean.HasBizero SnakeLean.IsTrivial	SnakeLean.IsEssNull.of_iso SnakeLean.IsEssNull.comp
SnakeLean.pureSnake_isExactAt_right	SnakeLean.IsStrong SnakeLean.IsHSD SnakeLean.HasBizero SnakeLean.IsExactAt SnakeLean.IsSES	SnakeLean.IsNormalMono SnakeLean.IsSES.isTwoCokernel SnakeLean.IsSES.isTwoKernel SnakeLean.isTwoCokernel_dinversion_of_ladder SnakeLean.IsTwoCokernel.of_iso SnakeLean.IsNormalEpi SnakeLean.IsTwoKernel SnakeLean.isTwoCokernel_isTwoEpi_comp_iff SnakeLean.isZeroAntinormal_of_ladder SnakeLean.IsNormal SnakeLean.IsTwoCokernel SnakeLean.IsTwoCokernel.isTwoEpi SnakeLean.IsTwoKernel.of_isTwoCokernel
CategoryTheory.ObjectProperty.isClosedUnderBinaryProducts_of_isSerreClass		
CategoryTheory.ObjectProperty.preservesFiniteColimits_lift		CategoryTheory.ObjectProperty.instHasFiniteColimitsFullSubcategory_snakeLean CategoryTheory.ObjectProperty.preservesFiniteColimits_ι
SnakeLean.SnakeTop.I	SnakeLean.HasBizero SnakeLean.SnakeTop	
SnakeLean.IsEssNull		SnakeLean.IsNull
SnakeLean.dualModularPair_iff_toDual	SnakeLean.ModularPair SnakeLean.DualModularPair	
CategoryTheory.ObjectProperty.instIsSerreClassSQEssential	CategoryTheory.ObjectProperty.SQEssential	CategoryTheory.ObjectProperty.instContainsZeroSQEssential CategoryTheory.ObjectProperty.instIsClosedUnderExtensionsSQEssential CategoryTheory.ObjectProperty.instIsClosedUnderSubobjectsSQEssential CategoryTheory.ObjectProperty.instIsClosedUnderQuotientsSQEssential
SnakeLean.transposes_coe_Icc	SnakeLean.Transposes	
SnakeLean.snake_isTwoKernel_barA	SnakeLean.IsStrong SnakeLean.IsTwoKernel SnakeLean.HasBizero SnakeLean.IsTwoMono SnakeLean.MorphismSES SnakeLean.MorphismSES.f SnakeLean.MorphismSES.h SnakeLean.MorphismSES.g SnakeLean.IsSES	SnakeLean.IsSES.isTwoKernel SnakeLean.IsEssNull.of_iso SnakeLean.IsEssNull SnakeLean.IsEssNull.comp_left SnakeLean.IsTwoKernel.fac SnakeLean.IsTwoKernel.mk SnakeLean.isTwoMono_of_comp SnakeLean.IsTwoMono.comp SnakeLean.MorphismSES.φK SnakeLean.IsEssNull.of_comp_isTwoMono SnakeLean.IsEssNull.comp SnakeLean.IsTwoMono.toIsFaithful₁ SnakeLean.IsTwoKernel.isTwoMono SnakeLean.IsTwoMono.preimageIso SnakeLean.IsTwoKernel.isEssNull_comp
SnakeLean.IsBipushout.casesOn	SnakeLean.cosquareIso SnakeLean.IsBipushout.mk SnakeLean.IsBipushout	SnakeLean.IsBipushout.rec
SnakeLean.pentagonSup	SnakeLean.SupAll	SnakeLean.Pentagon.instCompleteLattice SnakeLean.SupOf.mk SnakeLean.allClass SnakeLean.Pentagon
CategoryTheory.ObjectProperty.instContainsZeroMin_snakeLean		
SnakeLean.isEquiv1_of_inv	SnakeLean.IsEquiv1	
CategoryTheory.ObjectProperty.prop_of_condAS_of_forall_mono	CategoryTheory.ObjectProperty.CondAS	CategoryTheory.ObjectProperty.HasNonzeroSub
SnakeLean.isNull_from	SnakeLean.IsNull	
SnakeLean.cosquareIso.eq_1	SnakeLean.cosquareIso	
SnakeLean.AbCatOf.mk.inj	SnakeLean.AbCatClass SnakeLean.AbCatClass.Mem SnakeLean.AbCatOf.mk SnakeLean.AbCatOf	SnakeLean.AbCatOf.mk.noConfusion
SnakeLean.IsBipushout.nonempty_ext_iso	SnakeLean.cosquareIso SnakeLean.IsBipushout	SnakeLean.IsBipushout.ext
SnakeLean.isAntinormal_transport_iff	SnakeLean.IsStrong SnakeLean.HasBizero SnakeLean.IsAntinormal SnakeLean.IsEquiv1	SnakeLean.IsEquiv1.isEquiv1_inv SnakeLean.IsAntinormal.transport SnakeLean.IsAntinormal.of_iso SnakeLean.IsEquiv1.inv
SnakeLean.IsSES.casesOn	SnakeLean.IsTwoKernel SnakeLean.HasBizero SnakeLean.IsTwoCokernel SnakeLean.IsSES.mk SnakeLean.IsSES	SnakeLean.IsSES.rec
SnakeLean.twoKernel	SnakeLean.HasBizero SnakeLean.HasTwoKernel SnakeLean.twoKernelObj	SnakeLean.HasTwoKernel.exists_isTwoKernel SnakeLean.IsTwoKernel
SnakeLean.MorphismSES.recOn	SnakeLean.MorphismSES SnakeLean.MorphismSES.mk	SnakeLean.MorphismSES.rec
SnakeLean.AbCatHom	SnakeLean.AbCatClass SnakeLean.AbCatOf	
SnakeLean.Pentagon.rec	SnakeLean.Pentagon.y SnakeLean.Pentagon.bot SnakeLean.Pentagon.z SnakeLean.Pentagon SnakeLean.Pentagon.x SnakeLean.Pentagon.top	
SnakeLean.IsNormalMono.comp_isEquiv1	SnakeLean.IsNormalMono SnakeLean.HasBizero SnakeLean.IsEquiv1	SnakeLean.IsEquiv1.isTwoMono SnakeLean.IsEssNull.of_iso SnakeLean.IsEssNull SnakeLean.IsTwoKernel.fac SnakeLean.IsTwoKernel.mk SnakeLean.IsTwoMono.comp SnakeLean.IsTwoKernel SnakeLean.IsTwoMono SnakeLean.IsTwoKernel.isTwoMono SnakeLean.IsTwoKernel.isEssNull_comp
TwoVertex.coe_mul	TwoVertex.lam	
SnakeLean.IsStrong.recOn	SnakeLean.IsStrong SnakeLean.IsStrong.mk SnakeLean.IsNull	SnakeLean.IsStrong.rec
SnakeLean.IsZeroAntinormal	SnakeLean.HasBizero	
SnakeLean.MorphismSES.mk.injEq	SnakeLean.MorphismSES SnakeLean.MorphismSES.mk	SnakeLean.MorphismSES.mk.noConfusion
SnakeLean.isEssNull_kg_comp	SnakeLean.IsEssNull SnakeLean.IsStrong SnakeLean.IsTwoKernel SnakeLean.HasBizero SnakeLean.IsTwoCokernel	SnakeLean.IsEssNull.of_iso SnakeLean.IsEssNull.comp_left SnakeLean.IsTwoKernel.fac SnakeLean.IsEssNull.comp SnakeLean.IsTwoCokernel.isEssNull_comp SnakeLean.IsTwoKernel.isEssNull_comp
SnakeLean.AbCatClass.sat	SnakeLean.AbCatClass	CategoryTheory.ObjectProperty.condSAT_fullSubcategory SnakeLean.AbCatClass.mk CategoryTheory.ObjectProperty.CondSAT SnakeLean.ZeroCat.condSAT
SnakeLean.SnakeHalf.iBar	SnakeLean.HasBizero SnakeLean.SnakeHalf SnakeLean.SnakeHalf.I	
SnakeLean.segIncl	SnakeLean.seg SnakeLean.SupOf SnakeLean.SupOf.carrier SnakeLean.categoryStructSup SnakeLean.LatticeClass	SnakeLean.SupOf.completeLattice SnakeLean.mkHom
SnakeLean.isThirdIsoDual_of_isHSD	SnakeLean.IsStrong SnakeLean.IsHSD SnakeLean.HasBizero SnakeLean.IsThirdIsoDual	SnakeLean.isThirdIso_of_isHSD SnakeLean.isThirdIsoDual_of_isThirdIso_op SnakeLean.isHSD_op SnakeLean.strictOp SnakeLean.isStrongOp SnakeLean.bizeroOp
SnakeLean.isNormal_iff_isEquiv1_comparison'	SnakeLean.IsStrong SnakeLean.HasBizero SnakeLean.twoImgObj SnakeLean.IsNormal SnakeLean.TwoZExact SnakeLean.comparison SnakeLean.twoCoimObj SnakeLean.IsEquiv1	SnakeLean.isTwoCokernel_twoCokernel SnakeLean.nonempty_comparison_iso SnakeLean.twoCokernelObj SnakeLean.isNormal_iff_isEquiv1_comparison SnakeLean.isTwoKernel_twoKernel SnakeLean.TwoZExact.toHasTwoKernel SnakeLean.twoKernelObj SnakeLean.TwoZExact.toHasTwoCokernel SnakeLean.isTwoCokernel_twoCoim SnakeLean.twoCoim SnakeLean.isTwoKernel_twoImg SnakeLean.twoCokernel SnakeLean.twoKernel SnakeLean.twoImg
SnakeLean.IsTotallyNormalMono.left	SnakeLean.IsNormalMono SnakeLean.HasBizero SnakeLean.IsTotallyNormalMono	
SnakeLean.MorphismSES.f	SnakeLean.MorphismSES	
SnakeLean.TwoZExact.hasTwoCokernel	SnakeLean.HasTwoCokernel SnakeLean.HasBizero SnakeLean.TwoZExact	
CategoryTheory.ObjectProperty.condAS_fgModuleCat	CategoryTheory.ObjectProperty.CondAS	CategoryTheory.ObjectProperty.ofFG_iff CategoryTheory.ObjectProperty.prop_of_subEssential CategoryTheory.ObjectProperty.SubEssential CategoryTheory.ObjectProperty.HasNonzeroSub CategoryTheory.ObjectProperty.ofFG CategoryTheory.ObjectProperty.instIsSerreClassModuleCatOfFG
SnakeLean.isAntinormal_of_op	SnakeLean.HasBizero SnakeLean.IsAntinormal SnakeLean.bizeroOp	SnakeLean.IsNormalMono SnakeLean.IsNormalEpi SnakeLean.isNormalMono_of_op SnakeLean.isNormalEpi_of_op
SnakeLean.Pentagon.z.elim	SnakeLean.Pentagon.ctorIdx SnakeLean.Pentagon.z SnakeLean.Pentagon	SnakeLean.Pentagon.ctorElim
SnakeLean.twoTermD	SnakeLean.HasBizero SnakeLean.twoTermObj	SnakeLean.twoTermD.match_1 SnakeLean.zero1
SnakeLean.SnakeTop.rec	SnakeLean.IsNormalMono SnakeLean.IsNormalEpi SnakeLean.HasBizero SnakeLean.SnakeTop SnakeLean.SnakeTop.mk	
SnakeLean.HasTwoCokernel.recOn	SnakeLean.HasTwoCokernel SnakeLean.HasTwoCokernel.mk SnakeLean.HasBizero SnakeLean.IsTwoCokernel	SnakeLean.HasTwoCokernel.rec
SnakeLean.bizeroOp	SnakeLean.HasBizero	SnakeLean.HasBizero.mk SnakeLean.HasBizero.toZero SnakeLean.HasBizero.fromZero
SnakeLean.isNormalMono_of_mono	SnakeLean.IsNormalMono SnakeLean.hasBizeroLD SnakeLean.zeroLD	SnakeLean.IsTwoKernel SnakeLean.isTwoKernel_of_lift
SnakeLean.isHomologySelfDual_of_isHSD.match_1_1	SnakeLean.HasBizero SnakeLean.NormalChainComplex SnakeLean.NormalChainComplex.obj	
TwoVertex.be	TwoVertex.lam	
SnakeLean.Pentagon.noConfusionType	SnakeLean.Pentagon	SnakeLean.Pentagon.ctorIdx
SnakeLean.snakeBot	SnakeLean.IsNormalMono SnakeLean.IsStrong SnakeLean.HasBizero SnakeLean.TwoDiExact SnakeLean.SnakeTop SnakeLean.MorphismSES SnakeLean.IsTwoCokernel SnakeLean.MorphismSES.f SnakeLean.bizeroOp SnakeLean.MorphismSES.g	SnakeLean.isNormalEpi_op SnakeLean.MorphismSES.φK SnakeLean.twoDiExactOp SnakeLean.strictOp SnakeLean.isStrongOp SnakeLean.snakeTop
SnakeLean.AbCatClass.mk.injEq	SnakeLean.ZeroCat SnakeLean.AbCatClass SnakeLean.ZeroCat.category CategoryTheory.ObjectProperty.abelianFullSubcategory SnakeLean.AbCatClass.mk SnakeLean.ZeroCat.instAbelian	SnakeLean.AbCatClass.mk.noConfusion
SnakeLean.isBipullback_of_isTwoMono	SnakeLean.IsTwoMono SnakeLean.IsBipullback	SnakeLean.IsTwoMono.faithful SnakeLean.squareIso SnakeLean.squareIso_naturality SnakeLean.IsTwoMono.full SnakeLean.IsBipullback.mk SnakeLean.IsTwoMono.preimageIso
SnakeLean.transposeInv_transposeMap	SnakeLean.transposeInv SnakeLean.Transposes SnakeLean.transposeMap	
CategoryTheory.ObjectProperty.instHasCoequalizersFullSubcategory_snakeLean		CategoryTheory.ObjectProperty.isClosedUnderCoequalizers_of_isSerreClass
SnakeLean.IsBipushout.fac	SnakeLean.cosquareIso SnakeLean.IsBipushout	
SnakeLean.nonempty_square_t	SnakeLean.HasBizero SnakeLean.IsTwoCokernel	SnakeLean.IsTwoEpi.preimageIso SnakeLean.IsTwoCokernel.isTwoEpi
SnakeLean.AbCatHom.rec	SnakeLean.AbCatOf.category SnakeLean.AbCatClass SnakeLean.AbCatOf.carrier SnakeLean.AbCatHom.mk SnakeLean.AbCatOf SnakeLean.AbCatHom SnakeLean.AbCatOf.abelian	
SnakeLean.twoTermD.match_1		
CategoryTheory.ObjectProperty.isSerreClass_serreSaturation_fgModuleCat	CategoryTheory.ObjectProperty.serreSaturation	isNoetherianObject_fgModuleCat CategoryTheory.ObjectProperty.condAS_fgModuleCat CategoryTheory.ObjectProperty.isSerreClass_serreSaturation_of_condAS
SnakeLean.MorphismSES.ctorIdx	SnakeLean.MorphismSES	
SnakeLean.isHSD_op	SnakeLean.IsHSD SnakeLean.HasBizero SnakeLean.bizeroOp	SnakeLean.isTwoCokernel_of_op SnakeLean.isTwoKernel_of_op SnakeLean.IsTwoKernel SnakeLean.IsTwoCokernel SnakeLean.isNormal_op SnakeLean.IsZeroAntinormal SnakeLean.isZeroAntinormal_of_op
SnakeLean.IsTwoCokernel.exists_isEquiv1_twoCokernel	SnakeLean.HasTwoCokernel SnakeLean.twoCokernelObj SnakeLean.HasBizero SnakeLean.IsTwoCokernel SnakeLean.twoCokernel SnakeLean.IsEquiv1	SnakeLean.isTwoCokernel_twoCokernel SnakeLean.IsTwoCokernel.exists_isEquiv1
SnakeLean.TwoZExact.hasTwoKernel	SnakeLean.HasBizero SnakeLean.HasTwoKernel SnakeLean.TwoZExact	
SnakeLean.AbCatClass.casesOn	SnakeLean.ZeroCat SnakeLean.AbCatClass SnakeLean.ZeroCat.category CategoryTheory.ObjectProperty.abelianFullSubcategory SnakeLean.AbCatClass.mk SnakeLean.ZeroCat.instAbelian	SnakeLean.AbCatClass.rec
SnakeLean.HasBizero.recOn	SnakeLean.HasBizero SnakeLean.HasBizero.mk	SnakeLean.HasBizero.rec
TwoVertex.pa_smul_eq_zero	TwoVertex.lam TwoVertex.pa TwoVertex.KK	TwoVertex.e₂ TwoVertex.pa_eq TwoVertex.e₂_mul_al TwoVertex.al TwoVertex.be
SnakeLean.subIncl	SnakeLean.AbCatOf.category SnakeLean.subAbCatOf SnakeLean.AbCatClass SnakeLean.bicategoryAbCatOf SnakeLean.AbCatOf.carrier SnakeLean.AbCatOf SnakeLean.AbCatOf.abelian	SnakeLean.AbCatHom.mk
SnakeLean.coreflectsNull_op	SnakeLean.CoreflectsNull SnakeLean.ReflectsNull	SnakeLean.IsEssNull SnakeLean.isEssNull_op SnakeLean.isEssNull_of_op
SnakeLean.IsNormalEpi	SnakeLean.HasBizero	SnakeLean.IsTwoCokernel
SnakeLean.NormalChainComplex.mk.injEq	SnakeLean.IsEssNull SnakeLean.HasBizero SnakeLean.IsNormal SnakeLean.NormalChainComplex SnakeLean.NormalChainComplex.mk	SnakeLean.NormalChainComplex.mk.noConfusion
CategoryTheory.ObjectProperty.le_serreSaturation	CategoryTheory.ObjectProperty.serreSaturation	
SnakeLean.AbCatHom.recOn	SnakeLean.AbCatOf.category SnakeLean.AbCatClass SnakeLean.AbCatOf.carrier SnakeLean.AbCatHom.mk SnakeLean.AbCatOf SnakeLean.AbCatHom SnakeLean.AbCatOf.abelian	SnakeLean.AbCatHom.rec
SnakeLean.hasBizeroLD	SnakeLean.HasBizero SnakeLean.zeroLD	SnakeLean.HasBizero.mk
CategoryTheory.ObjectProperty.instContainsZeroSQEssential	CategoryTheory.ObjectProperty.SQEssential	CategoryTheory.ObjectProperty.HasNonzeroSub CategoryTheory.IsSubquotient
SnakeLean.IsTwoMono.mk	SnakeLean.IsTwoMono	
SnakeLean.subAbCatOf	SnakeLean.AbCatOf.category SnakeLean.AbCatClass SnakeLean.AbCatOf.carrier SnakeLean.AbCatOf SnakeLean.AbCatOf.abelian	CategoryTheory.ObjectProperty.abelianFullSubcategory SnakeLean.AbCatOf.mk
SnakeLean.HasTwoCokernel.exists_isTwoCokernel	SnakeLean.HasTwoCokernel SnakeLean.HasBizero SnakeLean.IsTwoCokernel	
SnakeLean.isStrong_zeroAbCatOf	SnakeLean.IsStrong SnakeLean.AbCatClass SnakeLean.bicategoryAbCatOf SnakeLean.AbCatOf SnakeLean.zeroAbCatOf	SnakeLean.AbCatOf.category SnakeLean.IsStrong.mk SnakeLean.AbCatOf.carrier SnakeLean.IsNull SnakeLean.isZero_obj_of_isNull SnakeLean.AbCatHom.functor SnakeLean.AbCatOf.abelian
SnakeLean.ModSup		SnakeLean.modularClass SnakeLean.SupOf
SnakeLean.HasBizero		
SnakeLean.IsEquiv1.isTwoEpi	SnakeLean.IsTwoEpi SnakeLean.IsEquiv1	SnakeLean.IsEquiv1.isTwoMono SnakeLean.isEquiv1_op SnakeLean.isTwoEpi_of_isTwoMono_op
SnakeLean.isEquiv1_of_isBipullback_right	SnakeLean.IsStrong SnakeLean.IsTwoKernel SnakeLean.HasBizero SnakeLean.MorphismSES SnakeLean.MorphismSES.f SnakeLean.MorphismSES.h SnakeLean.IsBipullback SnakeLean.MorphismSES.g SnakeLean.IsEquiv1 SnakeLean.MorphismSES.φQ	SnakeLean.IsEssNull.of_iso SnakeLean.IsEssNull SnakeLean.IsEssNull.comp_left SnakeLean.IsTwoKernel.fac SnakeLean.squareIso SnakeLean.IsBipullback.nonempty_ext_iso SnakeLean.IsBipullback.fac SnakeLean.MorphismSES.φK SnakeLean.IsNull.nonempty_iso SnakeLean.isEssNull_hom_ext SnakeLean.zero1 SnakeLean.IsNull SnakeLean.isEssNull_iff SnakeLean.IsTwoKernel.isTwoMono SnakeLean.HasBizero.toZero SnakeLean.HasBizero.fromZero SnakeLean.isEssNull_zero1 SnakeLean.IsTwoMono.preimageIso SnakeLean.IsTwoKernel.isEssNull_comp
SnakeLean.IsThirdIso	SnakeLean.HasBizero	SnakeLean.IsTwoCokernel SnakeLean.IsTotallyNormalMono SnakeLean.IsSES
CategoryTheory.ObjectProperty.serreSaturation_le_serreJoin	CategoryTheory.ObjectProperty.serreJoin CategoryTheory.ObjectProperty.serreSaturation	CategoryTheory.ObjectProperty.le_serreJoin_left CategoryTheory.ObjectProperty.instIsSerreClassSerreJoin CategoryTheory.ObjectProperty.le_serreJoin_right CategoryTheory.ObjectProperty.serreSaturation_le
TwoVertex.e₁_mul_pa	TwoVertex.lam TwoVertex.pa TwoVertex.e₁	
TwoVertex.pa_ne_zero	TwoVertex.lam TwoVertex.pa	
SnakeLean.SupOf.carrier	SnakeLean.SupOf SnakeLean.LatticeClass	
SnakeLean.MorphismSES.φQ	SnakeLean.MorphismSES SnakeLean.MorphismSES.h SnakeLean.MorphismSES.g	
SnakeLean.twoKernelObj	SnakeLean.HasBizero SnakeLean.HasTwoKernel	SnakeLean.HasTwoKernel.exists_isTwoKernel SnakeLean.IsTwoKernel
SnakeLean.AbCatOf	SnakeLean.AbCatClass	
SnakeLean.isPureSnake_of_twoDiExact	SnakeLean.IsStrong SnakeLean.IsPureSnake SnakeLean.HasBizero SnakeLean.TwoDiExact	SnakeLean.isHSD_of_twoDiExact SnakeLean.isPureSnake_of_isHSD
SnakeLean.op2_eqToIso		
SnakeLean.isNormalEpi_iff'	SnakeLean.HasTwoCokernel SnakeLean.IsStrong SnakeLean.IsNormalEpi SnakeLean.HasBizero SnakeLean.IsNormal SnakeLean.IsTwoEpi	SnakeLean.isTwoCokernel_twoCokernel SnakeLean.twoCokernelObj SnakeLean.twoCokernel SnakeLean.isNormalEpi_iff
SnakeLean.PureSnakeComparison.recOn	SnakeLean.PureSnakeComparison.mk SnakeLean.HasBizero SnakeLean.PureSnakeComparison SnakeLean.IsEquiv1	SnakeLean.PureSnakeComparison.rec
SnakeLean.AbCatHom.isoOfNatIso	SnakeLean.AbCatOf.category SnakeLean.AbCatClass SnakeLean.AbCatOf.carrier SnakeLean.AbCatHom.functor SnakeLean.AbCatHom.category SnakeLean.AbCatOf SnakeLean.AbCatHom	
SnakeLean.Pentagon.sup.match_1	SnakeLean.Pentagon.y SnakeLean.Pentagon.bot SnakeLean.Pentagon.z SnakeLean.Pentagon SnakeLean.Pentagon.x SnakeLean.Pentagon.top	SnakeLean.Pentagon.ctorIdx SnakeLean.Pentagon.casesOn
SnakeLean.SnakeHalf.mk.noConfusion	SnakeLean.IsTwoKernel SnakeLean.HasBizero SnakeLean.SnakeHalf SnakeLean.IsNormal SnakeLean.IsTwoEpi SnakeLean.IsTwoCokernel SnakeLean.SnakeHalf.mk SnakeLean.IsEquiv1	SnakeLean.SnakeHalf.noConfusion
SnakeLean.isExactAt_iff_isEssNull_dinversion	SnakeLean.IsNormalMono SnakeLean.IsEssNull SnakeLean.IsStrong SnakeLean.IsNormalEpi SnakeLean.IsTwoKernel SnakeLean.HasBizero SnakeLean.IsExactAt SnakeLean.IsTwoCokernel	SnakeLean.IsEssNull.of_iso SnakeLean.IsZeroAntinormal.isSES_iff_isEssNull_dinversion SnakeLean.IsEssNull.of_comp_isTwoMono SnakeLean.IsEssNull.of_comp_isTwoEpi SnakeLean.IsNormalEpi.isTwoEpi SnakeLean.IsZeroAntinormal.mk SnakeLean.IsZeroAntinormal SnakeLean.IsNormalMono.isTwoMono SnakeLean.IsSES SnakeLean.exactness_tfae SnakeLean.isExactAt_iff_of_isNormal
SnakeLean.exists_restriction	SnakeLean.IsStrong SnakeLean.IsNormalEpi SnakeLean.HasBizero SnakeLean.IsTwoMono	SnakeLean.IsEssNull.of_iso SnakeLean.IsEssNull SnakeLean.isEssNull_comp_left_of_square SnakeLean.IsEssNull.of_comp_isTwoMono SnakeLean.IsNormalEpi.of_comp SnakeLean.IsEssNull.comp SnakeLean.IsTwoCokernel SnakeLean.IsTwoCokernel.isEssNull_comp SnakeLean.IsTwoCokernel.fac SnakeLean.IsTwoCokernel.isTwoEpi
SnakeLean.AbCatClass.noConfusion	SnakeLean.AbCatClass SnakeLean.AbCatClass.noConfusionType	SnakeLean.ZeroCat SnakeLean.ZeroCat.category CategoryTheory.ObjectProperty.abelianFullSubcategory SnakeLean.AbCatClass.casesOn SnakeLean.ZeroCat.instAbelian
SnakeLean.exists_isEquiv1_of_isTwoKernel	SnakeLean.zeroSup SnakeLean.IsTwoKernel SnakeLean.seg SnakeLean.bicategorySup SnakeLean.SupOf SnakeLean.segIncl SnakeLean.categoryStructSup SnakeLean.kerElt SnakeLean.hasBizeroSup SnakeLean.LatticeClass SnakeLean.IsEquiv1	SnakeLean.le_kerElt SnakeLean.segRestrict SnakeLean.IsEssNull SnakeLean.IsTwoKernel.fac SnakeLean.isTwoMono_segIncl SnakeLean.SupOf.completeLattice SnakeLean.cancel_isTwoMono SnakeLean.apply_eq_bot_of_le_kerElt SnakeLean.SupOf.carrier SnakeLean.IsTwoKernel.isTwoMono SnakeLean.isEssNull_iff_forall SnakeLean.eq_of_iso_hom SnakeLean.instFunLikeHom SnakeLean.IsTwoKernel.isEssNull_comp
SnakeLean.AbCatClass.mk.noConfusion	SnakeLean.ZeroCat SnakeLean.AbCatClass SnakeLean.ZeroCat.category CategoryTheory.ObjectProperty.abelianFullSubcategory SnakeLean.AbCatClass.mk SnakeLean.ZeroCat.instAbelian	SnakeLean.AbCatClass.noConfusion
SnakeLean.IsTwoCokernel.comp_isEquiv1	SnakeLean.IsStrong SnakeLean.HasBizero SnakeLean.IsTwoCokernel SnakeLean.IsEquiv1	SnakeLean.isTwoCokernel_of_op SnakeLean.isTwoKernel_op SnakeLean.isEquiv1_op SnakeLean.strictOp SnakeLean.isStrongOp SnakeLean.IsTwoKernel.isEquiv1_comp SnakeLean.bizeroOp
SnakeLean.IsSES.isTrivial_iff_isEquiv1'	SnakeLean.IsStrong SnakeLean.HasBizero SnakeLean.IsTrivial SnakeLean.IsSES SnakeLean.IsEquiv1	SnakeLean.isEquiv1_op_iff SnakeLean.isSES_op SnakeLean.strictOp SnakeLean.isStrongOp SnakeLean.IsSES.isTrivial_iff_isEquiv1 SnakeLean.bizeroOp SnakeLean.isTrivial_op_iff
SnakeLean.modularPair_iff_dualModularPair_orthogonal	SnakeLean.ModularPair SnakeLean.DualModularPair	
SnakeLean.instPreservesLimitsOfShapeZeroCat	SnakeLean.ZeroCat SnakeLean.ZeroCat.category	SnakeLean.preservesLimitsOfShape_toZeroCat
SnakeLean.MorphismPure.πX	SnakeLean.MorphismPure	
SnakeLean.IsTwoKernel.facLD	SnakeLean.hasBizeroLD SnakeLean.IsTwoKernel SnakeLean.zeroLD	SnakeLean.IsEssNull SnakeLean.IsTwoKernel.fac SnakeLean.isEssNull_locallyDiscrete_iff
SnakeLean.isThirdIsoDual_of_isThirdIso_op.match_1_3		
SnakeLean.AbCatOf.abelian	SnakeLean.AbCatOf.category SnakeLean.AbCatClass SnakeLean.AbCatOf.carrier SnakeLean.AbCatOf	
SnakeLean.isHomologySelfDual_of_twoDiExact	SnakeLean.IsStrong SnakeLean.HasBizero SnakeLean.TwoDiExact SnakeLean.IsHomologySelfDual	SnakeLean.isHomologySelfDual_of_isHSD SnakeLean.isHSD_of_twoDiExact
SnakeLean.img_square_of_coim_square	SnakeLean.IsTwoEpi	SnakeLean.isTwoMono_op SnakeLean.strictOp SnakeLean.coim_square_of_img_square
SnakeLean.SupOf.completeLattice	SnakeLean.SupOf SnakeLean.SupOf.carrier SnakeLean.LatticeClass	
CategoryTheory.ObjectProperty.instIsSerreClassMin_snakeLean		CategoryTheory.ObjectProperty.instIsClosedUnderQuotientsMin_snakeLean CategoryTheory.ObjectProperty.instIsClosedUnderSubobjectsMin_snakeLean CategoryTheory.ObjectProperty.instIsClosedUnderExtensionsMin_snakeLean CategoryTheory.ObjectProperty.instContainsZeroMin_snakeLean
SnakeLean.HasBizero.mk.noConfusion	SnakeLean.HasBizero SnakeLean.HasBizero.mk	SnakeLean.HasBizero.noConfusion
SnakeLean.TwoDiExact	SnakeLean.HasBizero	
SnakeLean.IsBipullback.recOn	SnakeLean.squareIso SnakeLean.IsBipullback.mk SnakeLean.IsBipullback	SnakeLean.IsBipullback.rec
CategoryTheory.ObjectProperty.map_ι_le		
SnakeLean.Pentagon.le	SnakeLean.Pentagon	SnakeLean.Pentagon.le.match_1
SnakeLean.NormalMonoComp.casesOn	SnakeLean.IsNormalMono SnakeLean.NormalMonoComp SnakeLean.HasBizero SnakeLean.NormalMonoComp.mk	SnakeLean.NormalMonoComp.rec
SnakeLean.squareIso		
SnakeLean.MorphismPure.exists_piF	SnakeLean.MorphismPure SnakeLean.MorphismPure.πX SnakeLean.IsTwoMono SnakeLean.MorphismPure.πA	SnakeLean.MorphismPure.ψc SnakeLean.MorphismPure.ψa SnakeLean.MorphismPure.πY SnakeLean.IsTwoMono.preimageIso
SnakeLean.isModularLattice_of_transpositionSymmetric	SnakeLean.TranspositionSymmetric	SnakeLean.isLowerModularLattice_of_transpositionSymmetric SnakeLean.isModularLattice_of_isUpperModular_of_isLowerModular SnakeLean.isUpperModularLattice_of_transpositionSymmetric
SnakeLean.apply_eq_bot_of_le_kerElt	SnakeLean.SupOf.completeLattice SnakeLean.SupOf SnakeLean.SupOf.carrier SnakeLean.categoryStructSup SnakeLean.kerElt SnakeLean.LatticeClass SnakeLean.instFunLikeHom	SnakeLean.apply_kerElt SnakeLean.instSSupHomClassHom
SnakeLean.twoCellOfLe	SnakeLean.SupOf.completeLattice SnakeLean.bicategorySup SnakeLean.SupOf SnakeLean.SupOf.carrier SnakeLean.categoryStructSup SnakeLean.LatticeClass SnakeLean.instFunLikeHom	SnakeLean.instPartialOrderHom
SnakeLean.isTwoKernel_segIncl	SnakeLean.zeroSup SnakeLean.IsTwoKernel SnakeLean.seg SnakeLean.bicategorySup SnakeLean.SupOf SnakeLean.segIncl SnakeLean.categoryStructSup SnakeLean.kerElt SnakeLean.hasBizeroSup SnakeLean.LatticeClass	SnakeLean.le_kerElt SnakeLean.segRestrict SnakeLean.IsEssNull SnakeLean.IsTwoKernel.mk SnakeLean.isTwoMono_segIncl SnakeLean.SupOf.completeLattice SnakeLean.apply_eq_bot_of_le_kerElt SnakeLean.SupOf.carrier SnakeLean.isEssNull_iff_forall SnakeLean.instFunLikeHom
SnakeLean.SnakeTop.recOn	SnakeLean.IsNormalMono SnakeLean.IsNormalEpi SnakeLean.HasBizero SnakeLean.SnakeTop SnakeLean.SnakeTop.mk	SnakeLean.SnakeTop.rec
SnakeLean.imageFactorisation_unique'	SnakeLean.IsNormalMono SnakeLean.IsStrong SnakeLean.IsNormalEpi SnakeLean.HasBizero SnakeLean.IsTwoMono SnakeLean.IsTwoEpi SnakeLean.HasTwoKernel SnakeLean.IsEquiv1	SnakeLean.imageFactorisation_unique SnakeLean.isTwoKernel_twoKernel SnakeLean.twoKernelObj SnakeLean.twoKernel
SnakeLean.AbCatHom.comp_app	SnakeLean.AbCatOf.category SnakeLean.AbCatClass SnakeLean.AbCatOf.carrier SnakeLean.AbCatHom.functor SnakeLean.AbCatHom.category SnakeLean.AbCatOf SnakeLean.AbCatHom	
TwoVertex.spanD	TwoVertex.lam	TwoVertex.nTwo
SnakeLean.kerElt	SnakeLean.SupOf SnakeLean.SupOf.carrier SnakeLean.categoryStructSup SnakeLean.LatticeClass	SnakeLean.SupOf.completeLattice SnakeLean.instFunLikeHom
TwoVertex.SS	TwoVertex.lam	CategoryTheory.ObjectProperty.annBy TwoVertex.e₁
SnakeLean.isSES_imgRowDual	SnakeLean.IsStrong SnakeLean.IsTwoKernel SnakeLean.HasBizero SnakeLean.TwoDiExact SnakeLean.IsTwoMono SnakeLean.IsTwoEpi SnakeLean.TwoZExact SnakeLean.IsSES	SnakeLean.isSES_imgRow SnakeLean.isSES_op SnakeLean.isTwoMono_op SnakeLean.isTwoEpi_op SnakeLean.twoDiExactOp SnakeLean.strictOp SnakeLean.isSES_of_op SnakeLean.isStrongOp SnakeLean.bizeroOp SnakeLean.twoZExactOp SnakeLean.isTwoCokernel_op
CategoryTheory.ObjectProperty.instIsClosedUnderIsomorphismsSerreSaturation	CategoryTheory.ObjectProperty.serreSaturation	CategoryTheory.ObjectProperty.serreSaturation_of_iso
SnakeLean.IsNull.eq_of_isIso_of_isIso	SnakeLean.IsStrong SnakeLean.IsNull	SnakeLean.IsNull.eq_of_isIso
SnakeLean.TwoZExact.toHasTwoCokernel	SnakeLean.HasTwoCokernel SnakeLean.HasBizero SnakeLean.TwoZExact	SnakeLean.TwoZExact.hasTwoCokernel
SnakeLean.IsBipushout.mk	SnakeLean.cosquareIso SnakeLean.IsBipushout	
SnakeLean.snakeSpecial_of_twoDiExact	SnakeLean.IsStrong SnakeLean.HasBizero SnakeLean.TwoDiExact SnakeLean.SnakeSpecial SnakeLean.TwoZExact	SnakeLean.IsTwoKernel SnakeLean.IsNormal SnakeLean.MorphismSES SnakeLean.IsTwoCokernel SnakeLean.MorphismSES.f SnakeLean.exists_snakeConnecting SnakeLean.MorphismSES.h SnakeLean.MorphismSES.g SnakeLean.IsSES
TwoVertex.e₂	TwoVertex.lam	
SnakeLean.toSubmodule_sup_of_isClosed		
SnakeLean.SnakeHalf.hq	SnakeLean.SnakeHalf.q SnakeLean.HasBizero SnakeLean.SnakeHalf.CB SnakeLean.SnakeHalf SnakeLean.IsTwoCokernel	
CategoryTheory.ObjectProperty.instIsClosedUnderQuotientsSQEssential	CategoryTheory.ObjectProperty.SQEssential	CategoryTheory.IsSubquotient.of_epi CategoryTheory.IsSubquotient.trans CategoryTheory.IsSubquotient
SnakeLean.coe_transposeMap	SnakeLean.transposeMap	
SnakeLean.isTwoMono_segIncl	SnakeLean.seg SnakeLean.bicategorySup SnakeLean.IsTwoMono SnakeLean.SupOf SnakeLean.segIncl SnakeLean.SupOf.carrier SnakeLean.LatticeClass	SnakeLean.le_of_twoCell SnakeLean.SupOf.completeLattice SnakeLean.IsTwoMono.mk SnakeLean.categoryStructSup SnakeLean.twoCellOfLe SnakeLean.instPartialOrderHom SnakeLean.instFunLikeHom
SnakeLean.DPN	SnakeLean.HasBizero	
SnakeLean.isThirdIsoDual_of_isThirdIso_op.match_1_1		
SnakeLean.NormalEpiComp	SnakeLean.HasBizero	
SnakeLean.IsAntinormal.of_iso	SnakeLean.HasBizero SnakeLean.IsAntinormal	SnakeLean.IsNormalMono SnakeLean.IsNormalEpi SnakeLean.IsAntinormal.of_iso.match_1_1
SnakeLean.height_ne_top_of_krullDim_lt_top		
ClosedSubmodule.instLattice.congr_simp		
SnakeLean.SnakeTop.r	SnakeLean.HasBizero SnakeLean.SnakeTop.I SnakeLean.SnakeTop	
SnakeLean.isEssNull_locallyDiscrete_iff	SnakeLean.IsEssNull SnakeLean.zeroLD	SnakeLean.IsNull
CategoryTheory.ObjectProperty.condSAT_fullSubcategory	CategoryTheory.ObjectProperty.abelianFullSubcategory CategoryTheory.ObjectProperty.CondSAT	CategoryTheory.ObjectProperty.serreSaturation_le_serreJoin CategoryTheory.ObjectProperty.isSerreClass_inverseImage CategoryTheory.ObjectProperty.prop_map_ι_iff CategoryTheory.ObjectProperty.serre_le_serreSaturation CategoryTheory.ObjectProperty.serreJoin CategoryTheory.ObjectProperty.serreSaturation CategoryTheory.ObjectProperty.isSerreClass_serreSaturation_iff CategoryTheory.ObjectProperty.preservesFiniteLimits_ι CategoryTheory.ObjectProperty.preservesFiniteColimits_ι CategoryTheory.ObjectProperty.prop_iff_of_isoModSerre CategoryTheory.ObjectProperty.map_ι_le CategoryTheory.ObjectProperty.isSerreClass_map_ι CategoryTheory.ObjectProperty.isoModSerre_mono CategoryTheory.ObjectProperty.isoModSerre_of_map_ι CategoryTheory.ObjectProperty.serreJoin_le CategoryTheory.ObjectProperty.le_serreSaturation
SnakeLean.DPN.recOn	SnakeLean.IsNormalMono SnakeLean.DPN.mk SnakeLean.DPN SnakeLean.IsNormalEpi SnakeLean.IsTwoKernel SnakeLean.HasBizero SnakeLean.IsNormal SnakeLean.IsTwoCokernel	SnakeLean.DPN.rec
SnakeLean.IsTwoCokernel.equivalence	SnakeLean.HasBizero SnakeLean.IsTwoCokernel	SnakeLean.IsTwoEpi.preimageIso SnakeLean.IsTwoCokernel.isTwoEpi
SnakeLean.isNormal_bBar_of_isNormal_f	SnakeLean.IsNormalMono SnakeLean.DPN SnakeLean.IsStrong SnakeLean.IsNormalEpi SnakeLean.IsTwoKernel SnakeLean.HasBizero SnakeLean.IsNormal SnakeLean.IsTwoMono SnakeLean.IsTwoCokernel	SnakeLean.isNormal_bBar SnakeLean.IsTwoKernel.of_iso SnakeLean.IsNormal.of_iso SnakeLean.IsNormal.of_comp_isTwoMono
SnakeLean.isTwoKernel_kerIncl	SnakeLean.hasBizeroAbCatOf SnakeLean.kerIncl SnakeLean.AbCatClass SnakeLean.bicategoryAbCatOf SnakeLean.IsTwoKernel SnakeLean.AbCatOf SnakeLean.kerAbCatOf SnakeLean.zeroAbCatOf	SnakeLean.IsTwoKernel.mk SnakeLean.isEssNull_kerIncl_comp SnakeLean.isTwoMono_kerIncl SnakeLean.exists_fac_kerIncl
SnakeLean.isSES_twoImg	SnakeLean.IsStrong SnakeLean.twoCokernelObj SnakeLean.HasBizero SnakeLean.twoImgObj SnakeLean.TwoZExact SnakeLean.TwoZExact.toHasTwoCokernel SnakeLean.twoCokernel SnakeLean.IsSES SnakeLean.twoImg	SnakeLean.isSES_of_isTwoCokernel SnakeLean.isTwoCokernel_twoCokernel SnakeLean.isTwoKernel_twoImg
SnakeLean.AbCatClass.recOn	SnakeLean.ZeroCat SnakeLean.AbCatClass SnakeLean.ZeroCat.category CategoryTheory.ObjectProperty.abelianFullSubcategory SnakeLean.AbCatClass.mk SnakeLean.ZeroCat.instAbelian	SnakeLean.AbCatClass.rec
SnakeLean.Pentagon.not_transposes_z_y	SnakeLean.Pentagon.y SnakeLean.Transposes SnakeLean.Pentagon.z SnakeLean.Pentagon.instLattice SnakeLean.Pentagon	SnakeLean.instFintypePentagon SnakeLean.Pentagon.instDecidableLE SnakeLean.instDecidableEqPentagon
SnakeLean.nonempty_iso_connecting		
SnakeLean.IsAntinormal.of_iso.match_1_1	SnakeLean.IsNormalMono SnakeLean.IsNormalEpi SnakeLean.HasBizero SnakeLean.IsAntinormal	
SnakeLean.isTwoCokernel_op_iff	SnakeLean.IsTwoKernel SnakeLean.HasBizero SnakeLean.IsTwoCokernel SnakeLean.bizeroOp	SnakeLean.isTwoKernel_of_op SnakeLean.isTwoCokernel_op
SnakeLean.Pentagon		
SnakeLean.apply_kerElt	SnakeLean.SupOf.completeLattice SnakeLean.SupOf SnakeLean.SupOf.carrier SnakeLean.categoryStructSup SnakeLean.kerElt SnakeLean.LatticeClass SnakeLean.instFunLikeHom	SnakeLean.kerElt.eq_1 SnakeLean.instSSupHomClassHom
SnakeLean.NormalChainComplex	SnakeLean.HasBizero	
SnakeLean.isNormal_kerComp_iff	SnakeLean.DPN SnakeLean.IsTwoKernel SnakeLean.HasBizero SnakeLean.IsNormal SnakeLean.IsTwoCokernel SnakeLean.IsSES	SnakeLean.IsSES.isTwoCokernel SnakeLean.IsSES.isTwoKernel SnakeLean.DPN.isNormal_comp_iff
SnakeLean.ZeroCat.instPreadditive	SnakeLean.ZeroCat SnakeLean.ZeroCat.category	
SnakeLean.instIsModularLatticeCarrier	SnakeLean.modularClass SnakeLean.SupOf.completeLattice SnakeLean.ModSup SnakeLean.SupOf.carrier	SnakeLean.SupOf.mem
CategoryTheory.ObjectProperty.exists_nonzeroSub_of_serreJoin	CategoryTheory.ObjectProperty.serreJoin	CategoryTheory.IsSubquotient.refl CategoryTheory.ObjectProperty.SQEssential CategoryTheory.ObjectProperty.instIsSerreClassSQEssential CategoryTheory.ObjectProperty.le_sqEssential CategoryTheory.ObjectProperty.serreJoin_le
SnakeLean.HasBizero.mk	SnakeLean.HasBizero	
